﻿# Host: 209.222.97.206  (Version 5.5.5-10.3.23-MariaDB)
# Date: 2020-06-04 23:20:53
# Generator: MySQL-Front 6.0  (Build 2.20)


#
# Structure for table "ad_page"
#

DROP TABLE IF EXISTS `ad_page`;
CREATE TABLE `ad_page` (
  `ad_page_id` int(11) NOT NULL AUTO_INCREMENT,
  `name` varchar(50) NOT NULL,
  `status` varchar(20) DEFAULT NULL,
  `home_function` varchar(100) NOT NULL,
  PRIMARY KEY (`ad_page_id`)
) ENGINE=InnoDB AUTO_INCREMENT=14 DEFAULT CHARSET=latin1;

#
# Data for table "ad_page"
#

INSERT INTO `ad_page` VALUES (1,'Header',NULL,''),(2,'Home',NULL,''),(3,'News Description',NULL,''),(5,'News Listing',NULL,''),(6,'Photo Gallery',NULL,''),(7,'Photo Gallery Description',NULL,''),(8,'Video Gallery',NULL,''),(9,'Video Gallery Description',NULL,''),(10,'All Reporters',NULL,''),(11,'Reporter Details',NULL,''),(12,'Archive News',NULL,''),(13,'HowWiKi',NULL,'');

#
# Structure for table "admin"
#

DROP TABLE IF EXISTS `admin`;
CREATE TABLE `admin` (
  `admin_id` int(11) NOT NULL AUTO_INCREMENT,
  `name` longtext DEFAULT NULL,
  `phone` longtext DEFAULT NULL,
  `address` longtext DEFAULT NULL,
  `email` longtext DEFAULT NULL,
  `password` longtext DEFAULT NULL,
  `role` varchar(10) DEFAULT NULL,
  `timestamp` varchar(20) DEFAULT NULL,
  PRIMARY KEY (`admin_id`)
) ENGINE=MyISAM AUTO_INCREMENT=16 DEFAULT CHARSET=latin1;

#
# Data for table "admin"
#

/*!40000 ALTER TABLE `admin` DISABLE KEYS */;
INSERT INTO `admin` VALUES (1,'Mr. Master Admin','(88) 090 0938','Uttara, Dhaka','admin@migzoon.com','7110eda4d09e062aa5e4a390b0a572ac0d2c0220','1','1582014659'),(4,'Mr. Accountant','+8801816000888','Niketon, Gulshan-2, Dhaka','accountant@migzoon.com','7110eda4d09e062aa5e4a390b0a572ac0d2c0220','4','1470637597'),(6,'Mr. Editor','+8801717000777','Niketon, Gulshan-1, Dhaka','editor@migzoon.com','7110eda4d09e062aa5e4a390b0a572ac0d2c0220','6','1470637694'),(8,'Mr. News Reporter','+8800000000000','Gulshan, Dhaka','news_reporter@migzoon.com','7110eda4d09e062aa5e4a390b0a572ac0d2c0220','8','1470742617'),(9,'Map Hunter','+8801712607814','Dhaka,Bangaladesh','maphunter404@gmail.com','aaa26663ece766a42a9efeed77dd5a719bb5ef0b','1','1486457719'),(14,'Mr. Product Manager','-88021212','','product_mangager@migzoon.com','0b1fc98f0b28490d953dcc8dbab9ce33e469b27c','5','1590875858'),(15,'Mr. Uploader','','','uploader@migzoon.com','99bfc46a6e15d8cba37704df7355731ce6853334','10','1590875946');
/*!40000 ALTER TABLE `admin` ENABLE KEYS */;

#
# Structure for table "advertisement"
#

DROP TABLE IF EXISTS `advertisement`;
CREATE TABLE `advertisement` (
  `advertisement_id` int(11) NOT NULL AUTO_INCREMENT,
  `title` varchar(50) NOT NULL,
  `type` varchar(30) NOT NULL,
  `position` varchar(100) NOT NULL,
  `page_id` int(11) NOT NULL,
  `format` varchar(100) NOT NULL,
  `size` varchar(100) NOT NULL,
  `package` longtext DEFAULT NULL,
  `status` varchar(20) DEFAULT NULL,
  `availability` varchar(20) NOT NULL DEFAULT 'available',
  `google_adsense` varchar(20) DEFAULT NULL,
  `google_adsense_code` longtext CHARACTER SET utf8 COLLATE utf8_unicode_ci DEFAULT NULL,
  `default_post` longtext NOT NULL,
  `user_id` int(11) DEFAULT NULL,
  `user_status` varchar(20) DEFAULT NULL,
  `post_details` longtext DEFAULT NULL,
  `approval` varchar(20) DEFAULT NULL,
  PRIMARY KEY (`advertisement_id`)
) ENGINE=InnoDB AUTO_INCREMENT=48 DEFAULT CHARSET=latin1;

#
# Data for table "advertisement"
#

INSERT INTO `advertisement` VALUES (1,'Header Ad 1','header_1','Right Part Of Header',1,'Banner','380x62','[{\"index\":\"1\",\"name\":\"Weekly Package\",\"price\":\"100\",\"seal\":\"seal_1_1.jpg\",\"activation\":\"ok\"},{\"index\":\"2\",\"name\":\"Monthly Package\",\"price\":\"500\",\"seal\":\"seal_1_2.jpg\",\"activation\":\"ok\"},{\"index\":\"3\",\"name\":\"Half-Yearly Package\",\"price\":\"1500\",\"seal\":\"seal_1_3.png\",\"activation\":\"ok\"},{\"index\":\"4\",\"name\":\"Yearly Package\",\"price\":\"3000\",\"seal\":\"seal_1_4.png\",\"activation\":\"ok\"}]','ok','available','','Header Ad 1 --- google adsense','[{\"url\":\"https:\\/\\/www.migzoon.com\",\"img\":\"header_1.jpg\"}]',0,'','[{\"img\":\"user_banner_1.jpg\",\"url\":\"https:\\/\\/www.google.com\\/\"}]',''),(2,'Home Ad 1','home_1','Bottom Left of Top News',2,'Rectangle Image','421x119','[{\"index\":\"1\",\"name\":\"Weekly Package\",\"price\":\"400\",\"seal\":\"seal_2_1.jpg\",\"activation\":\"ok\"},{\"index\":\"2\",\"name\":\"Month Packege\",\"price\":\"500\",\"seal\":\"seal_2_2.png\",\"activation\":\"ok\"},{\"index\":\"3\",\"name\":\"Half year package\",\"price\":\"700\",\"seal\":\"seal_2_3.png\",\"activation\":\"ok\"},{\"index\":\"4\",\"name\":\"Yearly pack\",\"price\":\"1000\",\"seal\":\"seal_2_4.png\",\"activation\":\"ok\"}]','ok','available','','home ad 1 google add','[{\"url\":\"https:\\/\\/www.google.com\",\"img\":\"home_1.jpg\"}]',0,'','[{\"img\":\"user_banner_2.jpg\",\"url\":\"www.google.com\"}]',''),(3,'Home Ad 2','home_2','Bottom Right of Top News',2,'Rectangle Image','421x119','[{\"index\":1,\"name\":\"Weekly Package\",\"price\":\"400\",\"seal\":\"seal_3_1.jpg\",\"activation\":\"ok\"},{\"index\":\"2\",\"name\":\"Month\",\"price\":\"500\",\"seal\":\"seal_3_2.jpg\",\"activation\":\"ok\"},{\"index\":\"3\",\"name\":\"Half yearly package\",\"price\":\"600\",\"seal\":\"seal_3_3.png\",\"activation\":\"ok\"},{\"index\":\"4\",\"name\":\"Yearly\",\"price\":\"800\",\"seal\":\"seal_3_4.png\",\"activation\":\"ok\"}]','ok','available','','Home Ad 2 google add','[{\"url\":\"https:\\/\\/www.google.com\",\"img\":\"home_2.jpg\"}]',0,'','[{\"img\":\"user_banner_3.png\",\"url\":\"http:\\/\\/www.google.com\"}]',''),(4,'Home Ad 3','home_3','Bottom Left Of Sliding News',2,'Rectangle Image','421x119','[{\"index\":\"1\",\"name\":\"Week Package\",\"price\":\"200\",\"seal\":\"seal_4_1.png\",\"activation\":\"ok\"},{\"index\":\"2\",\"name\":\"Month Package\",\"price\":\"400\",\"seal\":\"seal_4_2.png\",\"activation\":\"ok\"},{\"index\":3,\"name\":\"\",\"price\":\"\",\"seal\":\"\",\"activation\":\"\"},{\"index\":4,\"name\":\"\",\"price\":\"\",\"seal\":\"\",\"activation\":\"\"}]','ok','available',NULL,NULL,'[{\"url\":\"https:\\/\\/www.google.com\",\"img\":\"home_3.jpg\"}]',0,'','[{\"img\":\"user_banner_4.jpg\",\"url\":\"https:\\/\\/www.google.com\"}]',''),(5,'Home Ad 4','home_4','Bottom Right Of Sliding News',2,'Rectangle Image','421x119','[{\"index\":1,\"name\":\"\",\"price\":\"\",\"seal\":\"\",\"activation\":\"\"},{\"index\":2,\"name\":\"\",\"price\":\"\",\"seal\":\"\",\"activation\":\"\"},{\"index\":3,\"name\":\"\",\"price\":\"\",\"seal\":\"\",\"activation\":\"\"},{\"index\":4,\"name\":\"\",\"price\":\"\",\"seal\":\"\",\"activation\":\"\"}]','ok','available',NULL,NULL,'[{\"url\":\"https:\\/\\/www.google.com\",\"img\":\"home_4.jpg\"}]',NULL,NULL,'[{\"img\":\"ad_img_5.jpg\",\"url\":\"\"}]',NULL),(6,'Home Ad 5','home_5','Bottom Left Of Detail News',2,'Rectangle Image','421x119','[{\"index\":1,\"name\":\"\",\"price\":\"\",\"seal\":\"\",\"activation\":\"\"},{\"index\":2,\"name\":\"\",\"price\":\"\",\"seal\":\"\",\"activation\":\"\"},{\"index\":3,\"name\":\"\",\"price\":\"\",\"seal\":\"\",\"activation\":\"\"},{\"index\":4,\"name\":\"\",\"price\":\"\",\"seal\":\"\",\"activation\":\"\"}]','ok','available',NULL,NULL,'[{\"url\":\"https:\\/\\/www.google.com\",\"img\":\"home_5.jpg\"}]',NULL,NULL,'[{\"img\":\"ad_img_6.jpg\",\"url\":\"\"}]',NULL);

#
# Structure for table "advertisement_payment"
#

DROP TABLE IF EXISTS `advertisement_payment`;
CREATE TABLE `advertisement_payment` (
  `advertisement_payment_id` int(11) NOT NULL AUTO_INCREMENT,
  `advertisement_id` int(11) NOT NULL,
  `package_id` int(11) NOT NULL,
  `user_id` int(11) NOT NULL,
  `payment_type` varchar(30) NOT NULL,
  `payment_status` varchar(20) NOT NULL,
  `payment_details` longtext NOT NULL,
  `amount` varchar(20) NOT NULL,
  `purchase_datetime` int(11) NOT NULL,
  `payment_code` varchar(50) DEFAULT NULL,
  `payment_timestamp` int(11) DEFAULT NULL,
  `expire` varchar(20) DEFAULT NULL,
  `expire_timestamp` int(11) DEFAULT NULL,
  PRIMARY KEY (`advertisement_payment_id`)
) ENGINE=MyISAM AUTO_INCREMENT=34 DEFAULT CHARSET=latin1;

#
# Data for table "advertisement_payment"
#

/*!40000 ALTER TABLE `advertisement_payment` DISABLE KEYS */;
INSERT INTO `advertisement_payment` VALUES (20,1,1,1,'Stripe','paid','User Info: \n{\"\\u0000*\\u0000_opts\":{\"headers\":[],\"apiKey\":\"sk_test_NYIpPjs6gbmuogdwUuJ8She4\"},\"\\u0000*\\u0000_values\":{\"id\":\"cus_BRuqNmrYUhlJOK\",\"object\":\"customer\",\"account_balance\":0,\"created\":1506124633,\"currency\":null,\"default_source\":\"card_1B5117KmGdRDZlHSC0MbZR1v\",\"delinquent\":false,\"description\":null,\"discount\":null,\"email\":\"customer@newspaper.com\",\"livemode\":false,\"metadata\":{},\"shipping\":null,\"sources\":{},\"subscriptions\":{}},\"\\u0000*\\u0000_unsavedValues\":{},\"\\u0000*\\u0000_transientValues\":{},\"\\u0000*\\u0000_retrieveOptions\":[]}\n \n Charge Info: \n{\"\\u0000*\\u0000_opts\":{\"headers\":[],\"apiKey\":\"sk_test_NYIpPjs6gbmuogdwUuJ8She4\"},\"\\u0000*\\u0000_values\":{\"id\":\"ch_1B511CKmGdRDZlHSfFVytXzF\",\"object\":\"charge\",\"amount\":10000,\"amount_refunded\":0,\"application\":null,\"application_fee\":null,\"balance_transaction\":\"txn_1B511CKmGdRDZlHSKCEeCVee\",\"captured\":true,\"created\":1506124634,\"currency\":\"usd\",\"customer\":\"cus_BRuqNmrYUhlJOK\",\"description\":null,\"destination\":null,\"dispute\":null,\"failure_code\":null,\"failure_message\":null,\"fraud_details\":[],\"invoice\":null,\"livemode\":false,\"metadata\":{},\"on_behalf_of\":null,\"order\":null,\"outcome\":{},\"paid\":true,\"receipt_email\":null,\"receipt_number\":null,\"refunded\":false,\"refunds\":{},\"review\":null,\"shipping\":null,\"source\":{},\"source_transfer\":null,\"statement_descriptor\":null,\"status\":\"succeeded\",\"transfer_group\":null},\"\\u0000*\\u0000_unsavedValues\":{},\"\\u0000*\\u0000_transientValues\":{},\"\\u0000*\\u0000_retrieveOptions\":[]}','100',1506124067,'20170920',1506124067,'yes',0),(21,1,1,1,'Paypal','due','none','100',1508067578,'20171021',NULL,NULL,NULL),(22,1,3,1,'Paypal','due','none','1500',1511857274,'20171122',NULL,NULL,NULL),(23,1,4,1,'Paypal','due','none','3000',1511857289,'20171123',NULL,NULL,NULL),(24,1,4,1,'Stripe','paid','User Info: \n{\"\\u0000*\\u0000_opts\":{\"headers\":[],\"apiKey\":\"sk_test_NYIpPjs6gbmuogdwUuJ8She4\"},\"\\u0000*\\u0000_values\":{\"id\":\"cus_BthpJoJJA2Upbt\",\"object\":\"customer\",\"account_balance\":0,\"created\":1512534091,\"currency\":null,\"default_source\":\"card_1BVuPRKmGdRDZlHSemWWoNzp\",\"delinquent\":false,\"description\":null,\"discount\":null,\"email\":\"customer@newspaper.com\",\"livemode\":false,\"metadata\":{},\"shipping\":null,\"sources\":{},\"subscriptions\":{}},\"\\u0000*\\u0000_unsavedValues\":{},\"\\u0000*\\u0000_transientValues\":{},\"\\u0000*\\u0000_retrieveOptions\":[]}\n \n Charge Info: \n{\"\\u0000*\\u0000_opts\":{\"headers\":[],\"apiKey\":\"sk_test_NYIpPjs6gbmuogdwUuJ8She4\"},\"\\u0000*\\u0000_values\":{\"id\":\"ch_1BVuPZKmGdRDZlHS24jQ2tDw\",\"object\":\"charge\",\"amount\":300000,\"amount_refunded\":0,\"application\":null,\"application_fee\":null,\"balance_transaction\":\"txn_1BVuPZKmGdRDZlHSfMfLYIYZ\",\"captured\":true,\"created\":1512534093,\"currency\":\"usd\",\"customer\":\"cus_BthpJoJJA2Upbt\",\"description\":null,\"destination\":null,\"dispute\":null,\"failure_code\":null,\"failure_message\":null,\"fraud_details\":[],\"invoice\":null,\"livemode\":false,\"metadata\":{},\"on_behalf_of\":null,\"order\":null,\"outcome\":{},\"paid\":true,\"receipt_email\":null,\"receipt_number\":null,\"refunded\":false,\"refunds\":{},\"review\":null,\"shipping\":null,\"source\":{},\"source_transfer\":null,\"statement_descriptor\":null,\"status\":\"succeeded\",\"transfer_group\":null},\"\\u0000*\\u0000_unsavedValues\":{},\"\\u0000*\\u0000_transientValues\":{},\"\\u0000*\\u0000_retrieveOptions\":[]}','3000',1512534093,'20171224',1512534093,'yes',0),(25,2,1,1,'Stripe','paid','User Info: \n{\"\\u0000*\\u0000_opts\":{\"headers\":[],\"apiKey\":\"sk_test_NYIpPjs6gbmuogdwUuJ8She4\"},\"\\u0000*\\u0000_values\":{\"id\":\"cus_CRQbgNGf6Bpa48\",\"object\":\"customer\",\"account_balance\":0,\"created\":1520311781,\"currency\":null,\"default_source\":\"card_1C2Xk3KmGdRDZlHS08pNHPDS\",\"delinquent\":false,\"description\":null,\"discount\":null,\"email\":\"customer@newspaper.com\",\"invoice_prefix\":\"4FCF2F0\",\"livemode\":false,\"metadata\":{},\"shipping\":null,\"sources\":{},\"subscriptions\":{}},\"\\u0000*\\u0000_unsavedValues\":{},\"\\u0000*\\u0000_transientValues\":{},\"\\u0000*\\u0000_retrieveOptions\":[]}\n \n Charge Info: \n{\"\\u0000*\\u0000_opts\":{\"headers\":[],\"apiKey\":\"sk_test_NYIpPjs6gbmuogdwUuJ8She4\"},\"\\u0000*\\u0000_values\":{\"id\":\"ch_1C2XkBKmGdRDZlHS1JLdcCnP\",\"object\":\"charge\",\"amount\":40000,\"amount_refunded\":0,\"application\":null,\"application_fee\":null,\"balance_transaction\":\"txn_1C2XkBKmGdRDZlHS1kO9zFtd\",\"captured\":true,\"created\":1520311783,\"currency\":\"usd\",\"customer\":\"cus_CRQbgNGf6Bpa48\",\"description\":null,\"destination\":null,\"dispute\":null,\"failure_code\":null,\"failure_message\":null,\"fraud_details\":[],\"invoice\":null,\"livemode\":false,\"metadata\":{},\"on_behalf_of\":null,\"order\":null,\"outcome\":{},\"paid\":true,\"receipt_email\":null,\"receipt_number\":null,\"refunded\":false,\"refunds\":{},\"review\":null,\"shipping\":null,\"source\":{},\"source_transfer\":null,\"statement_descriptor\":null,\"status\":\"succeeded\",\"transfer_group\":null},\"\\u0000*\\u0000_unsavedValues\":{},\"\\u0000*\\u0000_transientValues\":{},\"\\u0000*\\u0000_retrieveOptions\":[]}','400',1520311781,'20180325',1520311781,'yes',0),(26,2,1,52,'Stripe','paid','User Info: \n{\"\\u0000*\\u0000_opts\":{\"headers\":[],\"apiKey\":\"sk_test_NYIpPjs6gbmuogdwUuJ8She4\"},\"\\u0000*\\u0000_values\":{\"id\":\"cus_CUpZTrV4MOEFxV\",\"object\":\"customer\",\"account_balance\":0,\"created\":1521096581,\"currency\":null,\"default_source\":\"card_1C5pu7KmGdRDZlHSQ48O368J\",\"delinquent\":false,\"description\":null,\"discount\":null,\"email\":\"demo@newspaper.com\",\"invoice_prefix\":\"466298D\",\"livemode\":false,\"metadata\":{},\"shipping\":null,\"sources\":{},\"subscriptions\":{}},\"\\u0000*\\u0000_unsavedValues\":{},\"\\u0000*\\u0000_transientValues\":{},\"\\u0000*\\u0000_retrieveOptions\":[]}\n \n Charge Info: \n{\"\\u0000*\\u0000_opts\":{\"headers\":[],\"apiKey\":\"sk_test_NYIpPjs6gbmuogdwUuJ8She4\"},\"\\u0000*\\u0000_values\":{\"id\":\"ch_1C5puFKmGdRDZlHSxCbaeVK1\",\"object\":\"charge\",\"amount\":40000,\"amount_refunded\":0,\"application\":null,\"application_fee\":null,\"balance_transaction\":\"txn_1C5puFKmGdRDZlHSzA3VLWIW\",\"captured\":true,\"created\":1521096583,\"currency\":\"usd\",\"customer\":\"cus_CUpZTrV4MOEFxV\",\"description\":null,\"destination\":null,\"dispute\":null,\"failure_code\":null,\"failure_message\":null,\"fraud_details\":[],\"invoice\":null,\"livemode\":false,\"metadata\":{},\"on_behalf_of\":null,\"order\":null,\"outcome\":{},\"paid\":true,\"receipt_email\":null,\"receipt_number\":null,\"refunded\":false,\"refunds\":{},\"review\":null,\"shipping\":null,\"source\":{},\"source_transfer\":null,\"statement_descriptor\":null,\"status\":\"succeeded\",\"transfer_group\":null},\"\\u0000*\\u0000_unsavedValues\":{},\"\\u0000*\\u0000_transientValues\":{},\"\\u0000*\\u0000_retrieveOptions\":[]}','400',1521096583,'20180326',1521096583,'yes',0),(28,2,1,54,'Paypal','paid','{\"mc_gross\":\"400.00\",\"protection_eligibility\":\"Ineligible\",\"address_status\":\"confirmed\",\"payer_id\":\"RSS9FYUZWM7SC\",\"address_street\":\"99 White Fabien Court\",\"payment_date\":\"21:43:53 Mar 28, 2018 PDT\",\"payment_status\":\"Pending\",\"charset\":\"windows-1252\",\"address_zip\":\"37750\",\"first_name\":\"Hillary\",\"address_country_code\":\"US\",\"address_name\":\"Hillary Long\",\"notify_version\":\"3.9\",\"custom\":\"28\",\"payer_status\":\"unverified\",\"address_country\":\"United States\",\"address_city\":\"Voluptatem Omnis perspiciatis cum voluptatem qui beatae dolor duis\",\"quantity\":\"1\",\"verify_sign\":\"A2Qh8qvufbLIQa62.PAln75kW2A9AOuG0kwlAP8G44scCMkE8yXbYJwV\",\"payer_email\":\"developer.migzoon@gmail.com\",\"txn_id\":\"6E6189345L351553A\",\"payment_type\":\"instant\",\"last_name\":\"Long\",\"address_state\":\"IN\",\"receiver_email\":\"alvi@gmail.com\",\"pending_reason\":\"unilateral\",\"txn_type\":\"web_accept\",\"item_name\":\"Subscription Payment\",\"mc_currency\":\"USD\",\"item_number\":\"\",\"residence_country\":\"US\",\"test_ipn\":\"1\",\"transaction_subject\":\"\",\"payment_gross\":\"400.00\",\"ipn_track_id\":\"d314fb5bfa6a\"}','400',1522298598,'20180328',1522298639,'yes',0),(29,3,1,54,'Paypal','paid','{\"mc_gross\":\"400.00\",\"protection_eligibility\":\"Ineligible\",\"address_status\":\"confirmed\",\"payer_id\":\"RSS9FYUZWM7SC\",\"address_street\":\"99 White Fabien Court\",\"payment_date\":\"21:53:31 Mar 28, 2018 PDT\",\"payment_status\":\"Pending\",\"charset\":\"windows-1252\",\"address_zip\":\"37750\",\"first_name\":\"Hillary\",\"address_country_code\":\"US\",\"address_name\":\"Hillary Long\",\"notify_version\":\"3.9\",\"custom\":\"29\",\"payer_status\":\"unverified\",\"address_country\":\"United States\",\"address_city\":\"Voluptatem Omnis perspiciatis cum voluptatem qui beatae dolor duis\",\"quantity\":\"1\",\"verify_sign\":\"AET3V-NLwFXMZ6UIYzwghQ8Lf52zAsqUI1BYkNw852YrFjsDbBEzo8Q7\",\"payer_email\":\"developer.migzoon@gmail.com\",\"txn_id\":\"1X922763G7677432D\",\"payment_type\":\"instant\",\"last_name\":\"Long\",\"address_state\":\"IN\",\"receiver_email\":\"alvi@gmail.com\",\"pending_reason\":\"unilateral\",\"txn_type\":\"web_accept\",\"item_name\":\"Subscription Payment\",\"mc_currency\":\"USD\",\"item_number\":\"\",\"residence_country\":\"US\",\"test_ipn\":\"1\",\"transaction_subject\":\"\",\"payment_gross\":\"400.00\",\"ipn_track_id\":\"20b2a5a09014a\"}','400',1522299193,'20180329',1522299217,'yes',0),(30,4,1,54,'Stripe','paid','User Info: \n{\"\\u0000*\\u0000_opts\":{\"headers\":[],\"apiKey\":\"sk_test_NYIpPjs6gbmuogdwUuJ8She4\"},\"\\u0000*\\u0000_values\":{\"id\":\"cus_Ca393nDIqbpAbT\",\"object\":\"customer\",\"account_balance\":0,\"created\":1522300297,\"currency\":null,\"default_source\":\"card_1CAt2tKmGdRDZlHSTtvdX70g\",\"delinquent\":false,\"description\":null,\"discount\":null,\"email\":\"bloger@test.com\",\"invoice_prefix\":\"FECF0A6\",\"livemode\":false,\"metadata\":{},\"shipping\":null,\"sources\":{},\"subscriptions\":{}},\"\\u0000*\\u0000_unsavedValues\":{},\"\\u0000*\\u0000_transientValues\":{},\"\\u0000*\\u0000_retrieveOptions\":[]}\n \n Charge Info: \n{\"\\u0000*\\u0000_opts\":{\"headers\":[],\"apiKey\":\"sk_test_NYIpPjs6gbmuogdwUuJ8She4\"},\"\\u0000*\\u0000_values\":{\"id\":\"ch_1CAt2zKmGdRDZlHSG4R8XNr9\",\"object\":\"charge\",\"amount\":20000,\"amount_refunded\":0,\"application\":null,\"application_fee\":null,\"balance_transaction\":\"txn_1CAt2zKmGdRDZlHSV6Dm7zZA\",\"captured\":true,\"created\":1522300297,\"currency\":\"usd\",\"customer\":\"cus_Ca393nDIqbpAbT\",\"description\":null,\"destination\":null,\"dispute\":null,\"failure_code\":null,\"failure_message\":null,\"fraud_details\":[],\"invoice\":null,\"livemode\":false,\"metadata\":{},\"on_behalf_of\":null,\"order\":null,\"outcome\":{},\"paid\":true,\"receipt_email\":null,\"receipt_number\":null,\"refunded\":false,\"refunds\":{},\"review\":null,\"shipping\":null,\"source\":{},\"source_transfer\":null,\"statement_descriptor\":null,\"status\":\"succeeded\",\"transfer_group\":null},\"\\u0000*\\u0000_unsavedValues\":{},\"\\u0000*\\u0000_transientValues\":{},\"\\u0000*\\u0000_retrieveOptions\":[]}','200',1522300297,'20180330',1522300297,'yes',0),(33,1,1,52,'Stripe','paid','User Info: \n{\"\\u0000*\\u0000_opts\":{\"headers\":[],\"apiKey\":\"sk_test_NYIpPjs6gbmuogdwUuJ8She4\"},\"\\u0000*\\u0000_values\":{\"id\":\"cus_EqGMz5rVxPkeAI\",\"object\":\"customer\",\"account_balance\":0,\"created\":1554639056,\"currency\":null,\"default_source\":\"card_1EMZpnKmGdRDZlHSkLvpUFLs\",\"delinquent\":false,\"description\":null,\"discount\":null,\"email\":\"demo@newspaper.com\",\"invoice_prefix\":\"4E85C396\",\"invoice_settings\":{},\"livemode\":false,\"metadata\":{},\"shipping\":null,\"sources\":{},\"subscriptions\":{},\"tax_info\":null,\"tax_info_verification\":null},\"\\u0000*\\u0000_unsavedValues\":{},\"\\u0000*\\u0000_transientValues\":{},\"\\u0000*\\u0000_retrieveOptions\":[]}\n \n Charge Info: \n{\"\\u0000*\\u0000_opts\":{\"headers\":[],\"apiKey\":\"sk_test_NYIpPjs6gbmuogdwUuJ8She4\"},\"\\u0000*\\u0000_values\":{\"id\":\"ch_1EMZptKmGdRDZlHSFhpw3hkp\",\"object\":\"charge\",\"amount\":10000,\"amount_refunded\":0,\"application\":null,\"application_fee\":null,\"application_fee_amount\":null,\"balance_transaction\":\"txn_1EMZptKmGdRDZlHScwnBsR2F\",\"billing_details\":{},\"captured\":true,\"created\":1554639057,\"currency\":\"usd\",\"customer\":\"cus_EqGMz5rVxPkeAI\",\"description\":null,\"destination\":null,\"dispute\":null,\"failure_code\":null,\"failure_message\":null,\"fraud_details\":[],\"invoice\":null,\"livemode\":false,\"metadata\":{},\"on_behalf_of\":null,\"order\":null,\"outcome\":{},\"paid\":true,\"payment_intent\":null,\"payment_method_details\":{},\"receipt_email\":null,\"receipt_number\":null,\"receipt_url\":\"https:\\/\\/pay.stripe.com\\/receipts\\/acct_16RWzfKmGdRDZlHS\\/ch_1EMZptKmGdRDZlHSFhpw3hkp\\/rcpt_EqGMyFf9c0frwRx4fUHAzDI0ppYTpVr\",\"refunded\":false,\"refunds\":{},\"review\":null,\"shipping\":null,\"source\":{},\"source_transfer\":null,\"statement_descriptor\":null,\"status\":\"succeeded\",\"transfer_data\":null,\"transfer_group\":null},\"\\u0000*\\u0000_unsavedValues\":{},\"\\u0000*\\u0000_transientValues\":{},\"\\u0000*\\u0000_retrieveOptions\":[]}','100',1554639055,'20190433',1554639055,'yes',0);
/*!40000 ALTER TABLE `advertisement_payment` ENABLE KEYS */;

#
# Structure for table "audio"
#

DROP TABLE IF EXISTS `audio`;
CREATE TABLE `audio` (
  `audio_id` int(11) NOT NULL AUTO_INCREMENT,
  `name` varchar(50) DEFAULT NULL,
  `audio_src` varchar(100) DEFAULT NULL,
  `description` longtext NOT NULL,
  PRIMARY KEY (`audio_id`)
) ENGINE=InnoDB AUTO_INCREMENT=4 DEFAULT CHARSET=latin1;

#
# Data for table "audio"
#

INSERT INTO `audio` VALUES (1,'audio_1.mp3','uploads/media/audio/audio_1.mp3','                                                                                                                                                                                                                                <p>Demo Audio 1</p>                                                                                                                                                                                                    '),(2,'audio_2.mp3','uploads/media/audio/audio_2.mp3','                                                                                                <p>Demo Audio 2</p>                                                                                    '),(3,'audio_3.MP3','uploads/media/audio/audio_3.MP3','                                                                                                <p>Demo Audio 3</p>                                                                                    ');

#
# Structure for table "blog"
#

DROP TABLE IF EXISTS `blog`;
CREATE TABLE `blog` (
  `blog_id` int(11) NOT NULL AUTO_INCREMENT,
  `blog_uploader_type` varchar(10) CHARACTER SET utf8 COLLATE utf8_unicode_ci DEFAULT NULL,
  `blog_uploader_id` int(11) DEFAULT NULL,
  `edited_by` longtext DEFAULT NULL,
  `title` varchar(200) CHARACTER SET utf8 COLLATE utf8_unicode_ci DEFAULT NULL,
  `summary` longtext CHARACTER SET utf8 COLLATE utf8_unicode_ci DEFAULT NULL,
  `description` longtext CHARACTER SET utf8 COLLATE utf8_unicode_ci DEFAULT NULL,
  `date` varchar(200) DEFAULT NULL,
  `blog_category_id` int(11) DEFAULT NULL,
  `blog_sub_category_id` int(11) DEFAULT NULL,
  `view_count` int(11) NOT NULL,
  `timestamp` int(11) DEFAULT NULL,
  `status` varchar(110) DEFAULT NULL,
  `hide_status` varchar(20) NOT NULL,
  `publish_timestamp` int(11) DEFAULT NULL,
  `tag` longtext CHARACTER SET utf8 COLLATE utf8_unicode_ci DEFAULT NULL,
  `img_features` longtext DEFAULT NULL,
  PRIMARY KEY (`blog_id`)
) ENGINE=InnoDB DEFAULT CHARSET=latin1;

#
# Data for table "blog"
#


#
# Structure for table "blog_category"
#

DROP TABLE IF EXISTS `blog_category`;
CREATE TABLE `blog_category` (
  `blog_category_id` int(11) NOT NULL AUTO_INCREMENT,
  `name` longtext COLLATE utf8_unicode_ci NOT NULL,
  PRIMARY KEY (`blog_category_id`)
) ENGINE=InnoDB AUTO_INCREMENT=9 DEFAULT CHARSET=utf8 COLLATE=utf8_unicode_ci;

#
# Data for table "blog_category"
#

INSERT INTO `blog_category` VALUES (1,'Lifestyle'),(2,'Business'),(3,'Science & Technology'),(4,'Football'),(5,'Cricket'),(6,'World News'),(7,'Entertainment'),(8,'Travel');

#
# Structure for table "blog_photo"
#

DROP TABLE IF EXISTS `blog_photo`;
CREATE TABLE `blog_photo` (
  `blog_photo_id` int(11) NOT NULL AUTO_INCREMENT,
  `title` varchar(200) NOT NULL,
  `description` longtext NOT NULL,
  `status` varchar(20) NOT NULL,
  `hide_status` varchar(20) NOT NULL,
  `img_features` longtext DEFAULT NULL,
  `timestamp` varchar(50) DEFAULT NULL,
  `blog_photo_uploader_type` varchar(10) DEFAULT NULL,
  `blog_photo_uploader_id` int(11) NOT NULL,
  `edited_by` longtext NOT NULL,
  `view_count` int(11) DEFAULT NULL,
  PRIMARY KEY (`blog_photo_id`)
) ENGINE=InnoDB DEFAULT CHARSET=latin1;

#
# Data for table "blog_photo"
#


#
# Structure for table "blog_sub_category"
#

DROP TABLE IF EXISTS `blog_sub_category`;
CREATE TABLE `blog_sub_category` (
  `blog_sub_category_id` int(11) NOT NULL AUTO_INCREMENT,
  `name` longtext COLLATE utf8_unicode_ci NOT NULL,
  `parent_category_id` longtext COLLATE utf8_unicode_ci NOT NULL,
  PRIMARY KEY (`blog_sub_category_id`)
) ENGINE=InnoDB AUTO_INCREMENT=18 DEFAULT CHARSET=utf8 COLLATE=utf8_unicode_ci;

#
# Data for table "blog_sub_category"
#

INSERT INTO `blog_sub_category` VALUES (1,'Travelling ','1'),(2,'Fashion','1'),(3,'Foods','1'),(4,'Health','1'),(5,'Stock Market','2'),(6,'Global Trade','2'),(7,'World Cup','4'),(8,'Champions League ','4'),(9,'International Cricket','5'),(10,'Club Cricket','5'),(11,'Movies','7'),(12,'TV','7'),(13,'Music','7'),(14,'Politics','6'),(15,'Enviroment','6'),(16,'AAA','2'),(17,'Technology','3');

#
# Structure for table "blog_video"
#

DROP TABLE IF EXISTS `blog_video`;
CREATE TABLE `blog_video` (
  `blog_video_id` int(11) NOT NULL AUTO_INCREMENT,
  `title` varchar(255) DEFAULT NULL,
  `description` longtext NOT NULL,
  `type` varchar(10) NOT NULL,
  `from` varchar(50) NOT NULL,
  `video_link` varchar(255) DEFAULT NULL,
  `video_code` varchar(100) DEFAULT NULL,
  `video_src` varchar(255) NOT NULL,
  `preview_image_name` varchar(50) DEFAULT NULL,
  `status` varchar(110) NOT NULL,
  `hide_status` varchar(20) NOT NULL,
  `timestamp` varchar(50) NOT NULL,
  `blog_video_uploader_type` varchar(10) DEFAULT NULL,
  `blog_video_uploader_id` int(11) NOT NULL,
  `edited_by` longtext NOT NULL,
  `view_count` int(11) DEFAULT NULL,
  PRIMARY KEY (`blog_video_id`)
) ENGINE=InnoDB DEFAULT CHARSET=latin1;

#
# Data for table "blog_video"
#


#
# Structure for table "blogs_social_links"
#

DROP TABLE IF EXISTS `blogs_social_links`;
CREATE TABLE `blogs_social_links` (
  `blogs_social_links_id` int(11) NOT NULL AUTO_INCREMENT,
  `type` longtext NOT NULL,
  `value` longtext NOT NULL,
  PRIMARY KEY (`blogs_social_links_id`)
) ENGINE=InnoDB AUTO_INCREMENT=4 DEFAULT CHARSET=utf8;

#
# Data for table "blogs_social_links"
#

INSERT INTO `blogs_social_links` VALUES (1,'facebook','https://www.facebook.com/'),(2,'google-plus','https://www.google.com/'),(3,'twitter','https://twitter.com/');

#
# Structure for table "business_settings"
#

DROP TABLE IF EXISTS `business_settings`;
CREATE TABLE `business_settings` (
  `business_settings_id` int(11) NOT NULL AUTO_INCREMENT,
  `type` longtext NOT NULL,
  `value` longtext DEFAULT NULL,
  PRIMARY KEY (`business_settings_id`)
) ENGINE=InnoDB AUTO_INCREMENT=14 DEFAULT CHARSET=latin1;

#
# Data for table "business_settings"
#

INSERT INTO `business_settings` VALUES (1,'paypal_set','no'),(2,'stripe_set','ok'),(3,'paypal_email','alvi@gmail.com'),(4,'paypal_account_type','sandbox'),(5,'stripe_secret_key','sk_test_NYIpPjs6gbmuogdwUuJ8She4'),(6,'stripe_publishable_key','pk_test_SuCjGKYkw5J5c0ZXvCfvX3zx'),(7,'currency','1'),(8,'currency_name','Dollar'),(9,'exchange','80'),(10,'home_def_currency','1'),(11,'currency_format','us'),(12,'symbol_format','s_amount'),(13,'no_of_decimals','1');

#
# Structure for table "ci_sessions"
#

DROP TABLE IF EXISTS `ci_sessions`;
CREATE TABLE `ci_sessions` (
  `id` varchar(40) NOT NULL,
  `ip_address` varchar(45) NOT NULL,
  `timestamp` int(10) unsigned NOT NULL DEFAULT 0,
  `data` blob NOT NULL,
  PRIMARY KEY (`id`),
  KEY `ci_sessions_timestamp` (`timestamp`)
) ENGINE=InnoDB DEFAULT CHARSET=latin1;

#
# Data for table "ci_sessions"
#

INSERT INTO `ci_sessions` VALUES ('g247jkscbo4af9012k48vpt3skc0ilu1','37.111.248.185',1582443709,X'5F5F63695F6C6173745F726567656E65726174657C693A313538323434333730363B'),('hn5oj3ra504kgofa4r6s7bmgm0lmpcoh','37.111.248.185',1582445224,X'5F5F63695F6C6173745F726567656E65726174657C693A313538323434333435343B6C6F67696E7C733A333A22796573223B61646D696E5F6C6F67696E7C733A333A22796573223B61646D696E5F69647C733A313A2236223B61646D696E5F6E616D657C733A31303A224D722E20456469746F72223B7469746C657C733A353A2261646D696E223B'),('iofoe90m13hh6vnn05ramspu2me0o8kv','37.111.248.185',1582436210,X'5F5F63695F6C6173745F726567656E65726174657C693A313538323433363231303B'),('lde7el4lbpgoogopnbdvethuq6b5blto','37.111.248.185',1582436215,X'5F5F63695F6C6173745F726567656E65726174657C693A313538323433363231303B'),('lgq9u76ovatlnmm7o9th5vvcv6qb9go1','37.111.248.185',1582436946,X'5F5F63695F6C6173745F726567656E65726174657C693A313538323433323038393B6C6F67696E7C733A333A22796573223B61646D696E5F6C6F67696E7C733A333A22796573223B61646D696E5F69647C733A313A2231223B61646D696E5F6E616D657C733A31363A224D722E204D61737465722041646D696E223B7469746C657C733A353A2261646D696E223B757365725F6C6F67696E7C733A333A22796573223B757365725F69647C733A313A2231223B6E616D657C733A31323A224D722E2020426C6F67676572223B63757272656E63797C733A313A2239223B'),('vm4otv3q9s4s9u5qff97a5ib49c78rra','37.111.248.185',1582445271,X'5F5F63695F6C6173745F726567656E65726174657C693A313538323434333935343B6C6F67696E7C733A333A22796573223B61646D696E5F6C6F67696E7C733A333A22796573223B61646D696E5F69647C733A313A2231223B61646D696E5F6E616D657C733A31363A224D722E204D61737465722041646D696E223B7469746C657C733A353A2261646D696E223B');

#
# Structure for table "contact_message"
#

DROP TABLE IF EXISTS `contact_message`;
CREATE TABLE `contact_message` (
  `contact_message_id` int(11) NOT NULL AUTO_INCREMENT,
  `name` varchar(100) DEFAULT NULL,
  `subject` varchar(1000) DEFAULT NULL,
  `email` varchar(200) DEFAULT NULL,
  `message` longtext DEFAULT NULL,
  `timestamp` varchar(20) DEFAULT NULL,
  `view` varchar(10) DEFAULT NULL,
  `reply` longtext DEFAULT NULL,
  `other` longtext DEFAULT NULL,
  PRIMARY KEY (`contact_message_id`)
) ENGINE=InnoDB DEFAULT CHARSET=latin1;

#
# Data for table "contact_message"
#


#
# Structure for table "currency_settings"
#

DROP TABLE IF EXISTS `currency_settings`;
CREATE TABLE `currency_settings` (
  `currency_settings_id` int(11) NOT NULL AUTO_INCREMENT,
  `name` varchar(255) DEFAULT NULL,
  `symbol` varchar(255) DEFAULT NULL,
  `exchange_rate` varchar(255) DEFAULT NULL,
  `status` varchar(10) DEFAULT NULL,
  `code` varchar(20) DEFAULT NULL,
  `exchange_rate_def` varchar(100) DEFAULT NULL,
  PRIMARY KEY (`currency_settings_id`)
) ENGINE=InnoDB AUTO_INCREMENT=28 DEFAULT CHARSET=utf8;

#
# Data for table "currency_settings"
#

INSERT INTO `currency_settings` VALUES (1,'U.S. Dollar','$','1','ok','USD','1'),(2,'Australian Dollar','$','1.5105775302962556','ok','AUD','1.5105775302962556'),(5,'Brazilian Real','R$','4.389604546858362','ok','BRL','4.389604546858362'),(6,'Canadian Dollar','$','1.322315283879027','ok','CAD','1.322315283879027'),(7,'Czech Koruna','Kč','23.101351058582747','ok','CZK','23.101351058582747'),(8,'Danish Krone','kr','6.885604841869448','ok','DKK','6.885604841869448'),(9,'Euro','€','0.9219096436358273','ok','EUR','0.9219096436358273'),(10,'Hong Kong Dollar','$','7.787580955190582','ok','HKD','7.787580955190582'),(11,'Hungarian Forint','Ft','310.530402275273','ok','HUF','310.530402275273'),(12,'Israeli New Sheqel','₪','3.416980653726128','ok','ILS','3.416980653726128'),(13,'Japanese Yen','¥','111.58039005997021','ok','JPY','111.58039005997021'),(14,'Malaysian Ringgit','RM','4.1891039499218685','ok','MYR','4.183099178799062'),(15,'Mexican Peso','$','18.911104862612415','ok','MXN','18.911104862612415'),(16,'Norwegian Krone','kr','9.280904024596548','ok','NOK','9.280904024596548'),(17,'New Zealand Dollar','$','1.5753131035627197','ok','NZD','1.5753131035627197'),(18,'Philippine Peso','₱','50.89033608216059','ok','PHP','50.89033608216059'),(19,'Polish Zloty','zł','3.9528037577037076','ok','PLN','3.9528037577037076'),(20,'Pound Sterling','£','0.7719029597909108','ok','GBP','0.7719029597909108'),(21,'Russian Ruble','руб','64.07430683918669','ok','RUB','64.07430683918669'),(22,'Singapore Dollar','$','1.3976408332219359','ok','SGD','1.3976408332219359'),(23,'Swedish Krona','kr','9.720321193319842','ok','SEK','9.720321193319842'),(24,'Swiss Franc','CHF','0.9781507414458308','ok','CHF','0.9781507414458308'),(26,'Thai Baht','฿','31.55037083815415','ok','THB','31.55037083815415'),(27,'your_currency','?','1','no','??','1');

#
# Structure for table "email_template"
#

DROP TABLE IF EXISTS `email_template`;
CREATE TABLE `email_template` (
  `email_template_id` int(11) NOT NULL AUTO_INCREMENT,
  `title` longtext NOT NULL,
  `subject` longtext NOT NULL,
  `body` longtext NOT NULL,
  PRIMARY KEY (`email_template_id`)
) ENGINE=InnoDB AUTO_INCREMENT=6 DEFAULT CHARSET=latin1;

#
# Data for table "email_template"
#

INSERT INTO `email_template` VALUES (1,'Password Reset Email','Password Reset Successful','<p><span [removed]=\"font-weight: bold;\">Hi [[to]],</span></p><p><span [removed]=\"font-weight: bold;\">You recently requested a new password. We\'ve received the request and your password has been changed.</span></p><p><span [removed]=\"font-weight: bold;\">Your account type is : [[account_type]]<br></span></p><p><span [removed]=\"font-weight: bold;\">Your new password is : [[password]]</span></p><p><span [removed]=\"font-weight: bold;\">Thanks,</span></p><p><span [removed]=\"\" bold;\"=\"\">[[from]]</span></p>'),(2,'Account Approval Email','Account Approval Status','<p><span [removed]=\"font-weight: bold;\">Hi [[to]],</span></p><p><span [removed]=\"font-weight: bold;\">Your account type is : [[account_type]]</span></p><p><span [removed]=\"font-weight: bold;\">Email : [[email]]</span></p><p><span [removed]=\"font-weight: bold;\">Thank you for registering at our site. Your registration must be approved by the administrator and your account has been [[status]]. Please contact with the </span>administration team if you have any further question. Best wishes.</p><p><br></p><p><span [removed]=\"font-weight: bold;\">Thanks,</span></p><p><span [removed]=\"\" bold;\"=\"\">[[from]]</span></p>'),(4,'Account Opening Email','Account Opening','<p><span [removed]=\"font-weight: bold;\">Hi [[to]],</span></p><p><span [removed]=\"font-weight: bold;\">Thank you for registering at our site </span>[[sitename]]<span [removed]=\"font-weight: bold;\">. </span></p><p><span [removed]=\"font-weight: bold;\">Your account type is : [[account_type]]</span></p><p><span [removed]=\"font-weight: bold;\">Email is : [[email]]</span></p><p><span [removed]=\"font-weight: bold;\"></span></p><p><span [removed]=\"font-weight: bold;\">Password is : [[password]]</span></p><p><span [removed]=\"font-weight: bold;\">Your account is now being reviewed by </span>administration team. Please wait for Admin approval. You will get a  confirmation email soon and after that you will be able to login from here : [[url]]</p><p><span [removed]=\"font-weight: bold;\">Please contact with the </span>administration team if you have any further question. Best wishes.<br></p><p><span [removed]=\"font-weight: bold;\"><br></span></p><p><span [removed]=\"font-weight: bold;\">Thanks,</span></p><p><span [removed]=\"\" bold;\"=\"\">[[from]]</span></p>'),(5,'Purchase Packages For Advertisement Email','Purchase Packages For Advertisement','<p><span [removed]=\"font-weight: bold;\">Hi [[to]],</span></p><p><span [removed]=\"font-weight: bold;\">User purchase a packages for advertisement.<br></span></p><p>User name : [[user_name]]</p><p><span [removed]=\"font-weight: bold;\">Email is : [[email]]</span></p><p><span [removed]=\"font-weight: bold;\"></span></p><p>Page name : [[page_name]]</p><p>Position : [[position]]</p><p>Amount : [[amount]]</p><p>Payment method : [[payment_method]]</p><p>Package name :&nbsp;[[package_name]]</p><p><br></p><p><span [removed]=\"font-weight: bold;\">Thanks.</span></p>');

#
# Structure for table "general_settings"
#

DROP TABLE IF EXISTS `general_settings`;
CREATE TABLE `general_settings` (
  `general_settings_id` int(11) NOT NULL AUTO_INCREMENT,
  `type` longtext CHARACTER SET utf8 COLLATE utf8_unicode_ci DEFAULT NULL,
  `value` longtext CHARACTER SET utf8 COLLATE utf8_unicode_ci DEFAULT NULL,
  PRIMARY KEY (`general_settings_id`)
) ENGINE=MyISAM AUTO_INCREMENT=96 DEFAULT CHARSET=latin1;

#
# Data for table "general_settings"
#

/*!40000 ALTER TABLE `general_settings` DISABLE KEYS */;
INSERT INTO `general_settings` VALUES (1,'system_name','Migzoon News'),(2,'system_email','office.migzoon@gmail.comm'),(3,'system_title','Migzoon News'),(4,'address',''),(5,'phone',''),(6,'language','english'),(9,'terms_conditions','<br>'),(12,'google_languages','{}'),(24,'meta_description','adfsd asdaws adsva'),(25,'meta_keywords','fsf,sdds,adfs'),(26,'meta_author','Migzoon'),(38,'contact_address','24/E-2, Eskaton Garden Rammana,Dhaka.'),(39,'contact_phone',''),(40,'contact_email','contact@migzoon.com '),(41,'contact_website','migzoon.com'),(42,'footer_text','Migzoon has been developed by Dream team.'),(44,'contact_about','<p><br></p>'),(45,'admin_notification_sound','no'),(46,'admin_notification_volume','6.04'),(47,'privacy_policy','<p><br></p>'),(49,'home_notification_sound','no'),(50,'homepage_notification_volume','5.46'),(54,'revisit_after','2'),(55,'default_member_product_limit','5'),(59,'cache_time','0'),(63,'contact_lat_lang',NULL),(64,'preloader','21'),(65,'preloader_bg','rgba(0,0,0,1)'),(66,'map','ok'),(67,'initial_upload','pending'),(68,'post_without_login',NULL),(69,'cron_time','1591281170'),(70,'cron_gap','7200'),(71,'preloader_obj','rgba(255,0,0,1)'),(72,'footer_category','[\"1\",\"2\",\"3\",\"4\"]'),(73,'smtp_host','aasd'),(74,'smtp_port','asdas'),(75,'smtp_user','asda'),(76,'smtp_pass','asda'),(77,'mail_status','mail'),(78,'rss','[{\"index\":0,\"category_id\":\"1\",\"permalink\":\"http:\\/\\/beta.migzoon.com\\/home\\/rss\\/1\\/2\",\"limit\":\"2\"}]'),(79,'faqs','[{\"question\":\"What is MigZoon News\",\"answer\":\"<p>Commited to change the history<\\/p>\"},{\"question\":\"\",\"answer\":\"<p><br><\\/p>\"}]'),(90,'discus_id',NULL),(91,'fb_comment_api',NULL),(92,'comment_type',NULL),(94,'google_analytics_set','no'),(95,'version','3.1');
/*!40000 ALTER TABLE `general_settings` ENABLE KEYS */;

#
# Structure for table "language"
#

DROP TABLE IF EXISTS `language`;
CREATE TABLE `language` (
  `word_id` int(11) NOT NULL AUTO_INCREMENT,
  `word` longtext NOT NULL,
  `english` longtext CHARACTER SET utf8 COLLATE utf8_bin DEFAULT NULL,
  `Bangla` longtext CHARACTER SET utf8 COLLATE utf8_unicode_ci DEFAULT NULL,
  `Spanish` longtext CHARACTER SET utf8 COLLATE utf8_unicode_ci DEFAULT NULL,
  `Arabic` longtext CHARACTER SET utf8 COLLATE utf8_unicode_ci DEFAULT NULL,
  `French` longtext CHARACTER SET utf8 COLLATE utf8_unicode_ci DEFAULT NULL,
  `Chinese` longtext CHARACTER SET utf8 COLLATE utf8_unicode_ci DEFAULT NULL,
  PRIMARY KEY (`word_id`)
) ENGINE=InnoDB AUTO_INCREMENT=1591 DEFAULT CHARSET=latin1;

#
# Data for table "language"
#

INSERT INTO `language` VALUES (1,'visit_home_page','Visit Home Page','পরিদর্শন হোম পেজ',NULL,NULL,NULL,NULL),(2,'profile','Profile','প্রোফাইলের',NULL,NULL,NULL,NULL),(3,'logout','Logout','প্রস্থান',NULL,NULL,NULL,NULL),(4,'manage_languages','Manage Languages','পরিচালনা ভাষাসমূহ',NULL,NULL,NULL,NULL),(5,'add_language','Add Language','ভাষা যুক্ত করুন',NULL,NULL,NULL,NULL),(6,'successfully_added!','Successfully Added!','সফলভাবে যোগ করা!',NULL,NULL,NULL,NULL),(7,'back_to_language_list','Back To Language List','পিছনে ভাষা লিস্টে',NULL,NULL,NULL,NULL),(8,'really_want_to_delete_this_language?','Really Want To Delete This Language?','সত্যিই মুছে ফেলতে এটি ভাষা চান?',NULL,NULL,NULL,NULL),(9,'settings_updated!','Settings Updated!','সেটিংস আপডেট!',NULL,NULL,NULL,NULL),(10,'do_you_really_want_to_delete_this_language?','Do You Really Want To Delete This Language?','আপনি কি সত্যিই মুছে ফেলতে এটি ভাষা চাও?',NULL,NULL,NULL,NULL),(11,'saving..','Saving..','সংরক্ষণ করা হচ্ছে ..',NULL,NULL,NULL,NULL),(12,'dashboard','Dashboard','ড্যাশবোর্ড',NULL,NULL,NULL,NULL),(13,'news','News','খবর',NULL,NULL,NULL,NULL),(14,'news_category','News Category','সংবাদ ক্যাটাগরি',NULL,NULL,NULL,NULL),(15,'news_sub-category','News Sub-category','সংবাদ উপ-বিভাগ',NULL,NULL,NULL,NULL),(16,'news_speciality','News Speciality','সংবাদ বিশিষ্টতা',NULL,NULL,NULL,NULL),(17,'all_news','All News','সব খবর',NULL,NULL,NULL,NULL),(18,'archive_news','Archive News','সংরক্ষাণাগার সংবাদ',NULL,NULL,NULL,NULL),(19,'media','Media','মিডিয়া',NULL,NULL,NULL,NULL),(20,'photo_gallery','Photo Gallery','ফটো গ্যালারি',NULL,NULL,NULL,NULL),(21,'video_gallery','Video Gallery','ভিডিও গ্যালারি',NULL,NULL,NULL,NULL),(22,'audio_storage','Audio Storage','অডিও সংগ্রহস্থল',NULL,NULL,NULL,NULL),(23,'poll','Poll','ভোটগ্রহণ',NULL,NULL,NULL,NULL),(24,'reports','Reports','প্রতিবেদন',NULL,NULL,NULL,NULL),(25,'category_wise_news_report','Category Wise News Report','বিভাগ বিজ্ঞ সংবাদ প্রতিবেদন',NULL,NULL,NULL,NULL),(26,'most_viewed_news_report','Most Viewed News Report','সর্বাধিক দেখা সংবাদ প্রতিবেদন',NULL,NULL,NULL,NULL),(27,'date_wise_news_report','Date Wise News Report','তারিখ বিজ্ঞ সংবাদ প্রতিবেদন',NULL,NULL,NULL,NULL),(28,'last_30_days_news_report','Last 30 Days News Report','গত 30 দিনে সংবাদ প্রতিবেদন',NULL,NULL,NULL,NULL),(29,'news_reporter','News Reporter','সংবাদ প্রতিবেদক',NULL,NULL,NULL,NULL),(30,'manage_user','Manage User','ব্যবহারকারীকে পরিচালনা',NULL,NULL,NULL,NULL),(31,'support_ticket','Support Ticket','সাপোর্ট টিকেট',NULL,NULL,NULL,NULL),(32,'messaging','Messaging','মেসেজিং',NULL,NULL,NULL,NULL),(33,'newsletters','Newsletters','নিউজলেটার',NULL,NULL,NULL,NULL),(34,'contact_messages','Contact Messages','যোগাযোগ বার্তা',NULL,NULL,NULL,NULL),(35,'staffs_panel','Staffs Panel','কর্মীরা প্যানেল',NULL,NULL,NULL,NULL),(36,'all_staffs','All Staffs','সমস্ত লাঠি',NULL,NULL,NULL,NULL),(37,'manage_roles','Manage Roles','ভূমিকাগুলি পরিচালনা',NULL,NULL,NULL,NULL),(38,'frontend_settings','Frontend Settings','ফ্রন্টএন্ড সেটিং',NULL,NULL,NULL,NULL),(39,'display_settings','Display Settings','প্রদর্শন সেটিং',NULL,NULL,NULL,NULL),(40,'home_page','Home Page','হোম পেজ',NULL,NULL,NULL,NULL),(41,'contact_page','Contact Page','যোগাযোগ পৃষ্ঠা',NULL,NULL,NULL,NULL),(42,'footer','Footer','পেয়াদা',NULL,NULL,NULL,NULL),(43,'theme_color','Theme Color','থিম রঙ',NULL,NULL,NULL,NULL),(44,'logo','Logo','লোগো',NULL,NULL,NULL,NULL),(45,'favicon','Favicon','ফেভিকন',NULL,NULL,NULL,NULL),(46,'fonts','Fonts','ফন্ট',NULL,NULL,NULL,NULL),(47,'preloader','Preloader','Preloader',NULL,NULL,NULL,NULL),(48,'pages_&_widgets','Pages &amp; Widgets','পেজ &amp; উইজেট',NULL,NULL,NULL,NULL),(49,'responsive_pages','Responsive Pages','প্রতিক্রিয়াশীল পেজ',NULL,NULL,NULL,NULL),(50,'widget_setup','Widget Setup','উইজেট সেটআপ',NULL,NULL,NULL,NULL),(51,'site_settings','Site Settings','সাইট সেটিংস',NULL,NULL,NULL,NULL),(52,'general_settings','General Settings','সাধারণ সেটিংস',NULL,NULL,NULL,NULL),(53,'third_party_settings','Third Party Settings','তৃতীয় পক্ষের সেটিং',NULL,NULL,NULL,NULL),(54,'business_settings','Business Settings','ব্যবসার সেটিংস',NULL,NULL,NULL,NULL),(55,'SEO_report','SEO Report','এসইও প্রতিবেদন',NULL,NULL,NULL,NULL),(56,'language','Language','ভাষা',NULL,NULL,NULL,NULL),(57,'manage_admin_profile','Manage Admin Profile','এডমিন প্রোফাইল পরিচালনা',NULL,NULL,NULL,NULL),(58,'SEO_proggres','SEO Proggres','এসইও Proggres',NULL,NULL,NULL,NULL),(59,'online_tutorial','online Tutorial','অনলাইন টিউটোরিয়াল',NULL,NULL,NULL,NULL),(60,'checkout','Checkout','চেকআউট',NULL,NULL,NULL,NULL),(61,'deleted_successfully','Deleted Successfully','সফলভাবে মোছা',NULL,NULL,NULL,NULL),(62,'moved_to_archive_list','Moved To Archive List','সংরক্ষাণাগার তালিকা সরানো',NULL,NULL,NULL,NULL),(63,'moved_to_news_list','Moved To News List','সংবাদ তালিকা সরানো',NULL,NULL,NULL,NULL),(64,'cancelled','Cancelled','বাতিল করা হয়েছে',NULL,NULL,NULL,NULL),(65,'cancel','Cancel','বাতিল',NULL,NULL,NULL,NULL),(66,'required','Required','প্রয়োজনীয়',NULL,NULL,NULL,NULL),(67,'must_be_a_number','Must Be A Number','অবশ্যই একটি সংখ্যা হবে',NULL,NULL,NULL,NULL),(68,'must_be_a_valid_email_address','Must Be A Valid Email Address','একটি বৈধ ইমেইল ঠিকানা আবশ্যক',NULL,NULL,NULL,NULL),(69,'save','Save','সংরক্ষণ করুন',NULL,NULL,NULL,NULL),(70,'product_published!','Product Published!','প্রোডাক্ট প্রকাশিত!',NULL,NULL,NULL,NULL),(71,'product_unpublished!','Product Unpublished!','প্রোডাক্ট অপ্রকাশিত!',NULL,NULL,NULL,NULL),(72,'product_featured!','Product Featured!','প্রোডাক্ট বৈশিষ্ট্যযুক্ত করা হবে!',NULL,NULL,NULL,NULL),(73,'product_unfeatured!','Product Unfeatured!','প্রোডাক্ট Unfeatured!',NULL,NULL,NULL,NULL),(74,'product_in_todays_deal!','Product In Todays Deal!','আজকের ডীল পণ্য!',NULL,NULL,NULL,NULL),(75,'product_removed_from_todays_deal!','Product Removed From Todays Deal!','প্রোডাক্ট আজকের ডীল থেকে সরানো!',NULL,NULL,NULL,NULL),(76,'slider_published!','Slider Published!','স্লাইডার প্রকাশিত!',NULL,NULL,NULL,NULL),(77,'slider_unpublished!','Slider Unpublished!','স্লাইডার অপ্রকাশিত!',NULL,NULL,NULL,NULL),(78,'page_published!','Page Published!','পৃষ্ঠা প্রকাশিত!',NULL,NULL,NULL,NULL),(79,'page_unpublished!','Page Unpublished!','পৃষ্ঠা অপ্রকাশিত!',NULL,NULL,NULL,NULL),(80,'menu_published!','Menu Published!','মেনু প্রকাশিত!',NULL,NULL,NULL,NULL),(81,'menu_unpublished!','Menu Unpublished!','মেনু অপ্রকাশিত!',NULL,NULL,NULL,NULL),(82,'notification_sound_enabled!','Notification Sound Enabled!','নোটিফিকেশন সাউন্ড সক্ষম করা আছে!',NULL,NULL,NULL,NULL),(83,'notification_sound_disabled!','Notification Sound Disabled!','নোটিফিকেশন সাউন্ড অক্ষম!',NULL,NULL,NULL,NULL),(84,'google_login_enabled!','Google Login Enabled!','Google লগইন সক্ষম করা আছে!',NULL,NULL,NULL,NULL),(85,'google_login_disabled!','Google Login Disabled!','Google লগইন অক্ষম!',NULL,NULL,NULL,NULL),(86,'facebook_login_enabled!','Facebook Login Enabled!','ফেসবুকে লগইন সক্ষম করা আছে!',NULL,NULL,NULL,NULL),(87,'facebook_login_disabled!','Facebook Login Disabled!','ফেসবুকে লগইন অক্ষম!',NULL,NULL,NULL,NULL),(88,'paypal_payment_disabled!','Paypal Payment Disabled!','পেপ্যাল ​​অক্ষম!',NULL,NULL,NULL,NULL),(89,'paypal_payment_enabled!','Paypal Payment Enabled!','পেপ্যাল ​​সক্ষম করা আছে!',NULL,NULL,NULL,NULL),(90,'slider_enabled!','Slider Enabled!','স্লাইডার সক্ষম করা আছে!',NULL,NULL,NULL,NULL),(91,'slider_disabled!','Slider Disabled!','স্লাইডার অক্ষম!',NULL,NULL,NULL,NULL),(92,'cash_payment_enabled!','Cash Payment Enabled!','ক্যাশ পেমেন্ট সক্ষম করা আছে!',NULL,NULL,NULL,NULL),(93,'cash_payment_disabled!','Cash Payment Disabled!','ক্যাশ পেমেন্ট অক্ষম!',NULL,NULL,NULL,NULL),(94,'enabled!','Enabled!','সক্ষম করা আছে!',NULL,NULL,NULL,NULL),(95,'disabled!','Disabled!','অক্ষম!',NULL,NULL,NULL,NULL),(96,'notification_email_sent_to_vendor!','Notification Email Sent To Vendor!','সূচনা ইমেল ভেন্ডরের কাছে পাঠানো হয়েছে!',NULL,NULL,NULL,NULL),(97,'widget_enabled!','Widget Enabled!','উইজেট সক্ষম করা আছে!',NULL,NULL,NULL,NULL),(98,'widget_disabled!','Widget Disabled!','উইজেট অক্ষম!',NULL,NULL,NULL,NULL),(99,'working...','Working...','কাজ করছে ...',NULL,NULL,NULL,NULL),(100,'no','No','না',NULL,NULL,NULL,NULL),(101,'name','Name','নাম',NULL,NULL,NULL,NULL),(102,'icon','Icon','আইকন',NULL,NULL,NULL,NULL),(103,'publish','Publish','প্রকাশ করা',NULL,NULL,NULL,NULL),(104,'options','Options','বিকল্প',NULL,NULL,NULL,NULL),(105,'language_enabled','Language Enabled','ভাষা সক্ষমিত',NULL,NULL,NULL,NULL),(106,'language_disabled','Language Disabled','ভাষা অক্ষম',NULL,NULL,NULL,NULL),(107,'edit_language_list','Edit Language List','সম্পাদনা করুন নতুন ভাষাটি তালিকায় আগে',NULL,NULL,NULL,NULL),(108,'successfully_edited!','Successfully Edited!','সফলভাবে সম্পাদিত!',NULL,NULL,NULL,NULL),(109,'set_translations','Set Translations','সেট অনুবাদ',NULL,NULL,NULL,NULL),(110,'edit_language','Edit Language','ভাষা সম্পাদনা',NULL,NULL,NULL,NULL),(111,'edit','Edit','সম্পাদন করা',NULL,NULL,NULL,NULL),(112,'delete_language','Delete Language','ভাষা মুছুন',NULL,NULL,NULL,NULL),(113,'select_language','Select Language','ভাষা নির্বাচন কর',NULL,NULL,NULL,NULL),(114,'word','Word','শব্দ',NULL,NULL,NULL,NULL),(115,'translation','Translation','অনুবাদ',NULL,NULL,NULL,NULL),(116,'translate','Translate','অনুবাদ',NULL,NULL,NULL,NULL),(117,'save_all','Save All','সব সংরক্ষণ করুন',NULL,NULL,NULL,NULL),(118,'saving','Saving','রক্ষা',NULL,NULL,NULL,NULL),(119,'updated!','Updated!','আপডেট করা হয়েছে!',NULL,NULL,NULL,NULL),(120,'really_want_to_delete_this_word?','Really Want To Delete This Word?','সত্যিই মুছে ফেলতে এটি ওয়ার্ড চান?',NULL,NULL,NULL,NULL),(121,'delete','Delete','মুছে ফেলা',NULL,NULL,NULL,NULL),(122,'language_name','Language Name','ভাষার নাম',NULL,NULL,NULL,NULL),(123,'language_icon','Language Icon','ভাষা আইকন',NULL,NULL,NULL,NULL),(124,'select_language_icon','Select Language Icon','ভাষা নির্বাচন আইকন',NULL,NULL,NULL,NULL),(125,'manage_profile','Manage Profile','প্রোফাইল পরিচালনা',NULL,NULL,NULL,NULL),(126,'manage_details','Manage Details','বিবরণ পরিচালনা',NULL,NULL,NULL,NULL),(127,'email','Email','ইমেইল',NULL,NULL,NULL,NULL),(128,'phone','Phone','ফোন',NULL,NULL,NULL,NULL),(129,'address','Address','ঠিকানা',NULL,NULL,NULL,NULL),(130,'updating..','Updating..','আপডেট হচ্ছে ..',NULL,NULL,NULL,NULL),(131,'profile_updated!','Profile Updated!','প্রোফাইল আপডেট!',NULL,NULL,NULL,NULL),(132,'update_profile','Update Profile','প্রফাইল হালনাগাদ',NULL,NULL,NULL,NULL),(133,'change_password','Change Password','পাসওয়ার্ড পরিবর্তন',NULL,NULL,NULL,NULL),(134,'current_password','Current Password','বর্তমান পাসওয়ার্ড',NULL,NULL,NULL,NULL),(135,'new_password*','New Password*','নতুন পাসওয়ার্ড *',NULL,NULL,NULL,NULL),(136,'confirm_password','Confirm Password','পাসওয়ার্ড নিশ্চিত করুন',NULL,NULL,NULL,NULL),(137,'password_updated!','Password Updated!','পাসওয়ার্ড আপডেট করা হয়েছে!',NULL,NULL,NULL,NULL),(138,'update_password','Update Password','আপডেট পাসওয়ার্ড',NULL,NULL,NULL,NULL),(139,'password_mismatched','Password Mismatched','পাসওয়ার্ড অমিল',NULL,NULL,NULL,NULL),(140,'incorrect_password!','Incorrect Password!','ভুল পাসওয়ার্ড৤!',NULL,NULL,NULL,NULL),(141,'manage_SEO','Manage SEO','এসইও পরিচালনা',NULL,NULL,NULL,NULL),(142,'settings','Settings','সেটিংস',NULL,NULL,NULL,NULL),(143,'social_network_reach','Social Network Reach','সামাজিক নেটওয়ার্ক পৌঁছানো',NULL,NULL,NULL,NULL),(144,'alexa_traffic_metrics','Alexa Traffic Metrics','আলেক্সা ট্রাফিক মেট্রিক্স',NULL,NULL,NULL,NULL),(145,'alexa_traffic_graphs','Alexa Traffic Graphs','আলেক্সা ট্রাফিক গ্রাফ',NULL,NULL,NULL,NULL),(146,'search_index','Search Index','অনুসন্ধান ইনডেক্স',NULL,NULL,NULL,NULL),(147,'alexa_traffic_rank','Alexa Traffic Rank','আলেক্সা ট্রাফিক মান',NULL,NULL,NULL,NULL),(148,'manage_search_engine_optimization','Manage Search Engine Optimization','পরিচালনা সার্চ ইঞ্জিন অপ্টিমাইজেশান',NULL,NULL,NULL,NULL),(149,'keywords','Keywords','কীওয়ার্ড',NULL,NULL,NULL,NULL),(150,'author','Author','লেখক',NULL,NULL,NULL,NULL),(151,'revisit_after','Revisit After','পরবর্তীতে পরিদর্শন',NULL,NULL,NULL,NULL),(152,'days','Days','দিন',NULL,NULL,NULL,NULL),(153,'description','Description','বিবরণ',NULL,NULL,NULL,NULL),(154,'sitemap_link','Site Map Link','সাইটম্যাপ লিংক',NULL,NULL,NULL,NULL),(155,'manage_business_settings','Manage Business Settings','ব্যবসায়িক সেটিংস পরিচালনা করুন',NULL,NULL,NULL,NULL),(156,'paypal_payment','Paypal Payment','পেপ্যাল',NULL,NULL,NULL,NULL),(157,'paypal_email','Paypal Email','পেপ্যাল ​​ইমেইল',NULL,NULL,NULL,NULL),(158,'paypal_account_type','Paypal Account Type','PayPal অ্যাকাউন্ট প্রকার',NULL,NULL,NULL,NULL),(159,'stripe_ activation_&_settings','Stripe  Activation &amp; Settings','ডোরা অ্যাক্টিভেশন &amp; সেটিংস',NULL,NULL,NULL,NULL),(160,'stripe_payment','Stripe Payment','ডোরা পেমেন্ট',NULL,NULL,NULL,NULL),(161,'stripe_secret_key','Stripe Secret Key','ডোরা গোপন কী',NULL,NULL,NULL,NULL),(162,'stripe_publishable_key','Stripe Publishable Key','ডোরা প্রকাশযোগ্য কী',NULL,NULL,NULL,NULL),(163,'genral_business_settings','Genral Business Settings','Genral ব্যবসার সেটিংস',NULL,NULL,NULL,NULL),(164,'cash_payment','Cash Payment','নগদে টাকা প্রদান',NULL,NULL,NULL,NULL),(165,'post_without_login','Post Without Login','পোস্ট লগইন ছাড়া',NULL,NULL,NULL,NULL),(166,'admin_approval_for_post_publish','Admin Approval For Post Publish','এডমিন অনুমোদন পোস্ট প্রকাশ করুন',NULL,NULL,NULL,NULL),(167,'not_required','Not Required','আবশ্যক না',NULL,NULL,NULL,NULL),(168,'currency_settings_&_cash_payment_activation','Currency Settings &amp; Cash Payment Activation','মুদ্রা সেটিংস &amp; ক্যাশ পেমেন্ট অ্যাক্টিভেশন',NULL,NULL,NULL,NULL),(169,'currency_name','Currency Name','মুদ্রা নাম',NULL,NULL,NULL,NULL),(170,'currency_symbol','Currency Symbol','মুদ্রা সাংকেতিক',NULL,NULL,NULL,NULL),(171,'currency_format','Currency Format','মুদ্রা বিন্যাস',NULL,NULL,NULL,NULL),(172,'F.A.Q_settings','F.A.Q Settings','প্রায়শই জিজ্ঞাসিত প্রশ্নাবলী সেটিং',NULL,NULL,NULL,NULL),(173,'FAQs','FAQs','প্রায়শই জিজ্ঞাসিত প্রশ্নাবলী',NULL,NULL,NULL,NULL),(174,'question','Question','প্রশ্ন',NULL,NULL,NULL,NULL),(175,'answer','Answer','উত্তর',NULL,NULL,NULL,NULL),(176,'add_more_FAQs','Add More FAQs','আরো প্রায়শই জিজ্ঞাসিত প্রশ্নাবলী যোগ করুন',NULL,NULL,NULL,NULL),(177,'really_want_to_delete_this_logo?','Really Want To Delete This Logo?','সত্যিই মুছে ফেলতে এটি লোগো চান?',NULL,NULL,NULL,NULL),(178,'oops','Oops','ওহো',NULL,NULL,NULL,NULL),(179,'the_page_you_requested_was_not_found','The Page You Requested Was Not Found','আপনার অনুরোধ পাতা পাওয়া যায় না',NULL,NULL,NULL,NULL),(180,'back_to_home','Back To Home','বাড়িতে ফিরে যাও',NULL,NULL,NULL,NULL),(181,'total_ads','Total Ads','মোট বিজ্ঞাপন',NULL,NULL,NULL,NULL),(182,'published_ads','Published Ads','প্রকাশিত বিজ্ঞাপন',NULL,NULL,NULL,NULL),(183,'unpublished_ads','Unpublished Ads','অপ্রকাশিত বিজ্ঞাপন',NULL,NULL,NULL,NULL),(184,'product_packages','Product Packages','প্রোডাক্ট প্যাকেজগুলি',NULL,NULL,NULL,NULL),(185,'user_packages','User Packages','ব্যবহারকারী প্যাকেজগুলি',NULL,NULL,NULL,NULL),(186,'category_wise_ads','Category Wise Ads','বিভাগ বিজ্ঞ বিজ্ঞাপন',NULL,NULL,NULL,NULL),(187,'manage_site','Manage Site','সাইট পরিচালনা',NULL,NULL,NULL,NULL),(188,'social_media','Social Media','সামাজিক মাধ্যম',NULL,NULL,NULL,NULL),(189,'terms_&_condition','Terms &amp; Condition','বিধি - নিষেধ এবং শর্তাবলী',NULL,NULL,NULL,NULL),(190,'privacy_policy','Privacy Policy','গোপনীয়তা নীতি',NULL,NULL,NULL,NULL),(191,'system_name','System Name','সিস্টেম নাম',NULL,NULL,NULL,NULL),(192,'system_email','System Email','সিস্টেম ইমেইল',NULL,NULL,NULL,NULL),(193,'system_title','System Title','সিস্টেম শিরোনাম',NULL,NULL,NULL,NULL),(194,'homepage_cache_time','Homepage Cache Time','হোম পেজ ক্যাশে সময়',NULL,NULL,NULL,NULL),(195,'number_of_search_product_result','Number Of Search Product Result','অনুসন্ধান প্রোডাক্ট ফলাফল নম্বর',NULL,NULL,NULL,NULL),(196,'admin_notification_sound','Admin Notification Sound','এডমিন নোটিফিকেশন সাউন্ড',NULL,NULL,NULL,NULL),(197,'admin_notification_volume','Admin Notification Volume','এডমিন বিজ্ঞপ্তির ভলিউম',NULL,NULL,NULL,NULL),(198,'Volume_:_','Volume : ','ভলিউম: ',NULL,NULL,NULL,NULL),(199,'homepage_notification_sound','Homepage Notification Sound','হোম পেজ নোটিফিকেশন সাউন্ড',NULL,NULL,NULL,NULL),(200,'homepage_notification_volume','Homepage Notification Volume','হোম পেজ বিজ্ঞপ্তির ভলিউম',NULL,NULL,NULL,NULL),(201,'home_map','Home Map','হোম ম্যাপ',NULL,NULL,NULL,NULL),(202,'google_map_API','Google Map API','গুগল ম্যাপ এপিআই',NULL,NULL,NULL,NULL),(203,'sidebar_position','Sidebar Position','সাইডবার অবস্থান',NULL,NULL,NULL,NULL),(204,'right','Right','অধিকার',NULL,NULL,NULL,NULL),(205,'left','Left','বাম',NULL,NULL,NULL,NULL),(206,'parallax_title','Parallax Title','লম্বন শিরোনাম',NULL,NULL,NULL,NULL),(207,'parallax_image','Parallax Image','লম্বন ভাবমূর্তি',NULL,NULL,NULL,NULL),(208,'select_image','Select Image','চিত্র নির্বাচন করুন',NULL,NULL,NULL,NULL),(209,'number_of_blogs','Number Of Blogs','ব্লগের সংখ্যা',NULL,NULL,NULL,NULL),(210,'homepage_featured_product_number','Homepage Featured Product Number','হোম পেজ বৈশিষ্ট্যযুক্ত পণ্যের সংখ্যা',NULL,NULL,NULL,NULL),(211,'social_links','Social Links','সামাজিক লিংক',NULL,NULL,NULL,NULL),(212,'smtp_settings','Smtp Settings','smtp সেটিংস',NULL,NULL,NULL,NULL),(213,'minutes','Minutes','মিনিট',NULL,NULL,NULL,NULL),(214,'downloadable_product_folder_name','Downloadable Product Folder Name','ডাউনলোডযোগ্য প্রোডাক্ট ফোল্ডার নাম',NULL,NULL,NULL,NULL),(215,'smtp_status','Smtp Status','SMTP স্থিতি',NULL,NULL,NULL,NULL),(216,'smtp_host','Smtp Host','SMTP হোস্ট',NULL,NULL,NULL,NULL),(217,'smtp_port','Smtp Port','SMTP পোর্ট',NULL,NULL,NULL,NULL),(218,'smtp_user','Smtp User','SMTP ব্যবহারকারী',NULL,NULL,NULL,NULL),(219,'smtp_password','Smtp Password','SMTP পাসওয়ার্ড',NULL,NULL,NULL,NULL),(220,'email_templates','Email Templates','ইমেইল টেমপ্লেট',NULL,NULL,NULL,NULL),(221,'Password Reset Email','Password Reset Email','পাসওয়ার্ড রিসেট ইমেল',NULL,NULL,NULL,NULL),(222,'Account Approval Email','Account Approval Email','অ্যাকাউন্ট অনুমোদন ইমেইল',NULL,NULL,NULL,NULL),(223,'Account Opening Email','Account Opening Email','অ্যাকাউন্ট খোলা ইমেইল',NULL,NULL,NULL,NULL),(224,'subject','Subject','বিষয়',NULL,NULL,NULL,NULL),(225,'email_body','Email Body','ইমেলের মূল',NULL,NULL,NULL,NULL),(226,'N.B','NB','বিশেষ দ্রষ্টব্য',NULL,NULL,NULL,NULL),(227,'do_not_change_the_variables_like','Do Not Change The Variables Like','ভেরিয়েবল পরিবর্তন করবেন না',NULL,NULL,NULL,NULL),(228,'update','Update','হালনাগাদ',NULL,NULL,NULL,NULL),(229,'captcha_settings','Captcha Settings','ক্যাপচা সেটিং',NULL,NULL,NULL,NULL),(230,'social_login_configuaration','Social Login Configuaration','সামাজিক লগইন Configuaration',NULL,NULL,NULL,NULL),(231,'comment_settings','Comment Settings','মন্তব্যের সেটিংসে',NULL,NULL,NULL,NULL),(232,'google_map','Google Map','গুগল মানচিত্র',NULL,NULL,NULL,NULL),(233,'save_captcha_settings','Save Captcha Settings','ক্যাপচা সেটিংস সংরক্ষণ করুন',NULL,NULL,NULL,NULL),(234,'public_key','Public Key','সর্বজনীন কী',NULL,NULL,NULL,NULL),(235,'private_key','Private Key','ব্যক্তিগত কী',NULL,NULL,NULL,NULL),(236,'facebook_login_settings','Facebook Login Settings','ফেসবুকে লগইন সেটিং',NULL,NULL,NULL,NULL),(237,'status','Status','অবস্থা',NULL,NULL,NULL,NULL),(238,'secret','Secret','গোপন',NULL,NULL,NULL,NULL),(239,'google+_login_settings','Google+ Login Settings','Google+ এ লগইন সেটিং',NULL,NULL,NULL,NULL),(240,'application_name','Application Name','আবেদনের নাম',NULL,NULL,NULL,NULL),(241,'client','Client','মক্কেল',NULL,NULL,NULL,NULL),(242,'client_secret','Client Secret','ক্লায়েন্ট সিক্রেট',NULL,NULL,NULL,NULL),(243,'redirect','Redirect','পুনঃনির্দেশ',NULL,NULL,NULL,NULL),(244,'key','Key','চাবি',NULL,NULL,NULL,NULL),(245,'type','Type','আদর্শ',NULL,NULL,NULL,NULL),(246,'none','None','না',NULL,NULL,NULL,NULL),(247,'facebook_comment','Facebook Comment','ফেসবুক মন্তব্য',NULL,NULL,NULL,NULL),(248,'disqus_comment','Disqus Comment','সূত্র মন্তব্য',NULL,NULL,NULL,NULL),(249,'google_comment','Google Comment','গুগল মন্তব্য',NULL,NULL,NULL,NULL),(250,'disqus_ID','Disqus ID','সূত্র আইডি',NULL,NULL,NULL,NULL),(251,'fb_comment_id','Fb Comment Id','মন্তব্য ফেসবুক আইডি',NULL,NULL,NULL,NULL),(252,'google_map_api_settings','Google Map Api Settings','গুগল ম্যাপ API সেটিংসের',NULL,NULL,NULL,NULL),(253,'api_key','Api Key','API কী',NULL,NULL,NULL,NULL),(254,'FAQ','FAQ','প্রায়শই জিজ্ঞাসিত প্রশ্নাবলী',NULL,NULL,NULL,NULL),(255,'manage_faqs','Manage Faqs','প্রায়শই জিজ্ঞাসিত প্রশ্নাবলী পরিচালনা',NULL,NULL,NULL,NULL),(256,'frequently_asked_questions','Frequently Asked Questions','সচরাচর জিজ্ঞাস্য',NULL,NULL,NULL,NULL),(257,'login','Login','লগইন',NULL,NULL,NULL,NULL),(258,'registration','Registration','নিবন্ধন',NULL,NULL,NULL,NULL),(259,'search','Search','অনুসন্ধান',NULL,NULL,NULL,NULL),(260,'others','Others','অন্যরা',NULL,NULL,NULL,NULL),(261,'reporters','Reporters','রিপোর্টার্স',NULL,NULL,NULL,NULL),(262,'contact','Contact','যোগাযোগ',NULL,NULL,NULL,NULL),(263,'top_news','Top News','শীর্ষ সংবাদ এর',NULL,NULL,NULL,NULL),(264,'email_address','Email Address','ইমেল ঠিকানা',NULL,NULL,NULL,NULL),(265,'subscribe','Subscribe','সাবস্ক্রাইব',NULL,NULL,NULL,NULL),(266,'categories','Categories','ধরন',NULL,NULL,NULL,NULL),(267,'useful_links','Useful Links','উপকারী সংজুক',NULL,NULL,NULL,NULL),(268,'home','Home','প্রচ্ছদ',NULL,NULL,NULL,NULL),(269,'blog','Blog','ব্লগ',NULL,NULL,NULL,NULL),(270,'contact_us','Contact Us','আমাদের সাথে যোগাযোগ করুন',NULL,NULL,NULL,NULL),(271,'website','Website','ওয়েবসাইট',NULL,NULL,NULL,NULL),(272,'all_rights_reserved','All Rights Reserved','সর্বস্বত্ব সংরক্ষিত',NULL,NULL,NULL,NULL),(273,'product_added_to_cart','Product Added To Cart','পণ্য কার্ট যোগ',NULL,NULL,NULL,NULL),(274,'added_to_cart','Added To Cart','কার্ট যোগ',NULL,NULL,NULL,NULL),(275,'product_quantity_exceed_availability!','Product Quantity Exceed Availability!','প্রোডাক্ট পরিমাণ সহজলভ্যতা ছাড়িয়ে!',NULL,NULL,NULL,NULL),(276,'product_already_added_to_cart!','Product Already Added To Cart!','প্রোডাক্ট ইতিমধ্যে কার্ট যোগ করা হয়েছে!',NULL,NULL,NULL,NULL),(277,'product_added_to_wishlist','Product Added To Wishlist','প্রোডাক্ট লিস্টে যোগ',NULL,NULL,NULL,NULL),(278,'wished','Wished','কাম্য',NULL,NULL,NULL,NULL),(279,'wishing..','Wishing..','তবেই ..',NULL,NULL,NULL,NULL),(280,'product_removed_from_wishlist','Product Removed From Wishlist','প্রোডাক্ট ইচ্ছা তালিকা থেকে সরানো',NULL,NULL,NULL,NULL),(281,'product_added_to_compared','Product Added To Compared','প্রোডাক্ট তুলনায় যোগ করা',NULL,NULL,NULL,NULL),(282,'compared','Compared','তুলনা',NULL,NULL,NULL,NULL),(283,'working..','Working..','ওয়ার্কিং ..',NULL,NULL,NULL,NULL),(284,'product_removed_from_compare','Product Removed From Compare','প্রোডাক্ট তুলনা থেকে সরানো',NULL,NULL,NULL,NULL),(285,'compare_category_full','Compare Category Full','ফুল শ্রেণী তুলনা',NULL,NULL,NULL,NULL),(286,'product_already_added_to_compare','Product Already Added To Compare','প্রোডাক্ট ইতিমধ্যে তুলনা যোগ করা',NULL,NULL,NULL,NULL),(287,'product_rated_successfully','Product Rated Successfully','প্রোডাক্ট সফলভাবে রেট',NULL,NULL,NULL,NULL),(288,'product_rating_failed','Product Rating Failed','পণ্য রেটিং ব্যর্থ',NULL,NULL,NULL,NULL),(289,'you_already_rated_this_product','You Already Rated This Product','আপনি ইতিমধ্যে এই পণ্য রেট',NULL,NULL,NULL,NULL),(290,'you_already_subscribed','You Already Subscribed','আপনাকে ইতিমধ্যে সদস্যতা',NULL,NULL,NULL,NULL),(291,'you_subscribed_successfully','You Subscribed Successfully','আপনি সফলভাবে সদস্যতা',NULL,NULL,NULL,NULL),(292,'you_already_subscribed_thrice_from_this_browser','You Already Subscribed Thrice From This Browser','আপনি ইতিমধ্যে এই ব্রাউজার থেকে তিনবার সাবস্ক্রাইব',NULL,NULL,NULL,NULL),(293,'logging_in..','Logging In..','লগ-ইন ..',NULL,NULL,NULL,NULL),(294,'you_logged_in_successfully','You Logged In Successfully','আপনি সফলভাবে লগইন',NULL,NULL,NULL,NULL),(295,'login_failed!_try_again!','Login Failed! Try Again!','লগইন ব্যর্থ! </font><font>আবার চেষ্টা কর!',NULL,NULL,NULL,NULL),(296,'you_registered_successfully','You Registered Successfully','আপনি সফলভাবে নিবন্ধিত',NULL,NULL,NULL,NULL),(297,'registration_failed!_try_again!','Registration Failed! Try Again!','রেজিস্ট্রেশন ব্যর্থ হয়েছে! </font><font>আবার চেষ্টা কর!',NULL,NULL,NULL,NULL),(298,'submitting..','Submitting..','জমা দেওয়া হচ্ছে ..',NULL,NULL,NULL,NULL),(299,'email_sent_successfully','Email Sent Successfully','ইমেল সফলভাবে পাঠানো',NULL,NULL,NULL,NULL),(300,'email_does_not_exist!','Email Does Not Exist!','ইমেইল অস্তিত্ব নেই!',NULL,NULL,NULL,NULL),(301,'email_sending_failed!_try_again','Email Sending Failed! Try Again','ইমেইল ব্যর্থ পাঠানো হচ্ছে! </font><font>আবার চেষ্টা কর',NULL,NULL,NULL,NULL),(302,'logging_in','Logging In','লগ-ইন',NULL,NULL,NULL,NULL),(303,'adding_to_cart..','Adding To Cart..','কার্ট যোগ ..',NULL,NULL,NULL,NULL),(304,'product_removed_from_cart','Product Removed From Cart','পণ্য কার্ট থেকে সরানো',NULL,NULL,NULL,NULL),(305,'the_field_is_required','The Field Is Required','ক্ষেত্রটি আবশ্যক',NULL,NULL,NULL,NULL),(306,'enter_a_valid_email_address','Enter A Valid Email Address','একটি বৈধ ইমেইল ঠিকানা লিখুন',NULL,NULL,NULL,NULL),(307,'applying..','Applying..','প্রয়োগ করা হচ্ছে ..',NULL,NULL,NULL,NULL),(308,'coupon_not_valid','Coupon Not Valid','কুপন বৈধ নয়',NULL,NULL,NULL,NULL),(309,'coupon_discount_successful','Coupon Discount Successful','কুপন ছাড় সফল',NULL,NULL,NULL,NULL),(310,'successful_login','Successful Login','সফল অনুপ্রবেশ',NULL,NULL,NULL,NULL),(311,'login_failed','Login Failed','লগইন ব্যর্থ',NULL,NULL,NULL,NULL),(312,'product_comment_settings','Product Comment Settings','প্রোডাক্ট মন্তব্যের সেটিংসে',NULL,NULL,NULL,NULL),(313,'captcha_status','Captcha Status','ক্যাপচা স্থিতি',NULL,NULL,NULL,NULL),(314,'news_comment_settings','News Comment Settings','সংবাদ মন্তব্যের সেটিংসে',NULL,NULL,NULL,NULL),(315,'discus_ID','Discus ID','ডিসকাস আইডি',NULL,NULL,NULL,NULL),(316,'category_news','Category News','বিভাগ সংবাদ',NULL,NULL,NULL,NULL),(317,'National','National','জাতীয়',NULL,NULL,NULL,NULL),(318,'Politics','Politics','রাজনীতি',NULL,NULL,NULL,NULL),(319,'International','International','আন্তর্জাতিক',NULL,NULL,NULL,NULL),(320,'Crime','Crime','অপরাধ',NULL,NULL,NULL,NULL),(321,'Formula 1','Formula 1','1 নং সূত্র',NULL,NULL,NULL,NULL),(322,'Sports','Sports','স্পোর্টস',NULL,NULL,NULL,NULL),(323,'Football','Football','ফুটবল',NULL,NULL,NULL,NULL),(324,'Cricket','Cricket','ক্রিকেট',NULL,NULL,NULL,NULL),(325,'Hockey','Hockey','হকিখেলা',NULL,NULL,NULL,NULL),(326,'Entertainment','Entertainment','বিনোদন',NULL,NULL,NULL,NULL),(327,'Music','Music','সঙ্গীত',NULL,NULL,NULL,NULL),(328,'Education','Education','শিক্ষা',NULL,NULL,NULL,NULL),(329,'test category','Test Category','টেস্ট শ্রেণী',NULL,NULL,NULL,NULL),(330,'test sub','Test Sub','টেস্ট উপ',NULL,NULL,NULL,NULL),(331,'vote','Vote','ভোট',NULL,NULL,NULL,NULL),(332,'result','Result','ফল',NULL,NULL,NULL,NULL),(333,'recent','Recent','সাম্প্রতিক',NULL,NULL,NULL,NULL),(334,'popular','Popular','জনপ্রিয়',NULL,NULL,NULL,NULL),(335,'see_all_news','See All News','সব খবর দেখুন',NULL,NULL,NULL,NULL),(336,'see_more','See More','আরো দেখুন',NULL,NULL,NULL,NULL),(337,'latest_photos','Latest Photos','সর্বশেষ ফটো',NULL,NULL,NULL,NULL),(338,'back_to_options','Back To Options','পিছনে অপশন',NULL,NULL,NULL,NULL),(339,'news_details','News Details','সংবাদ বিবরণ',NULL,NULL,NULL,NULL),(340,'sign_in','Sign In','প্রবেশ কর',NULL,NULL,NULL,NULL),(341,'not_a_member_yet_?','Not A Member Yet ?','এখনো সদস্য নন ?',NULL,NULL,NULL,NULL),(342,'sign_up_now!','Sign Up Now!','এখন সাইন আপ!',NULL,NULL,NULL,NULL),(343,'password','Password','পাসওয়ার্ড',NULL,NULL,NULL,NULL),(344,'forget_your_password_?','Forget Your Password ?','আপনার পাসওয়ার্ড ভুলে গেছেন ?',NULL,NULL,NULL,NULL),(345,'sign_in_with_facebook','Sign In With Facebook','ফেসবুকে সাইন - ইন করুন',NULL,NULL,NULL,NULL),(346,'sign_in_with_google','Sign In With Google','Google দিয়ে সাইন ইন',NULL,NULL,NULL,NULL),(347,'submit','Submit','জমা দিন',NULL,NULL,NULL,NULL),(348,'build_responsive_pages','Build Responsive Pages','প্রতিক্রিয়াশীল পেজ তৈরি করুন',NULL,NULL,NULL,NULL),(349,'add_page','Add Page','পাতা যোগ কর',NULL,NULL,NULL,NULL),(350,'create_page','Create Page','পাতা তৈরি করুন',NULL,NULL,NULL,NULL),(351,'back_to_page_list','Back To Page List','প্রথম পাতা লিস্টে',NULL,NULL,NULL,NULL),(352,'page_name','Page Name','পৃষ্ঠার নাম',NULL,NULL,NULL,NULL),(353,'preview','Preview','পূর্বরূপ',NULL,NULL,NULL,NULL),(354,'edit_page','Edit Page','সম্পাদনা পাতা',NULL,NULL,NULL,NULL),(355,'really_want_to_delete_this?','Really Want To Delete This?','সত্যিই এই মুছে ফেলতে চান?',NULL,NULL,NULL,NULL),(356,'page_title','Page Title','আমার স্নাতকের',NULL,NULL,NULL,NULL),(357,'parmalink','Permalink','মাহবুব',NULL,NULL,NULL,NULL),(358,'page_code','Page Code','পৃষ্ঠা কোড',NULL,NULL,NULL,NULL),(359,'tags','Tags','ট্যাগ',NULL,NULL,NULL,NULL),(360,'page_tags','Page Tags','পৃষ্ঠায় ট্যাগ',NULL,NULL,NULL,NULL),(361,'number_of_page_parts','Number Of Page Parts','পৃষ্ঠা যন্ত্রাংশ সংখ্যা',NULL,NULL,NULL,NULL),(362,'lets_start_to_create_your_page','Lets Start To Create Your Page','আপনার পৃষ্ঠা তৈরি করতে শুরু করি',NULL,NULL,NULL,NULL),(363,'parts','Parts','পার্টস',NULL,NULL,NULL,NULL),(364,'column','Column','স্তম্ভ',NULL,NULL,NULL,NULL),(365,'select_size','Select Size','নির্বাচন আকার',NULL,NULL,NULL,NULL),(366,'one-fourth','One-fourth','এক চতুর্থাংশ',NULL,NULL,NULL,NULL),(367,'one-third','One-third','এক-তৃতীয়াংশ',NULL,NULL,NULL,NULL),(368,'half','Half','অর্ধেক',NULL,NULL,NULL,NULL),(369,'two-third','Two-third','দুই-তৃতীয়াংশ',NULL,NULL,NULL,NULL),(370,'three-fourth','Three-fourth','তিন-চতুর্থাংশ',NULL,NULL,NULL,NULL),(371,'full','Full','সম্পূর্ণ',NULL,NULL,NULL,NULL),(372,'select_type','Select Type','প্রকার নির্বাচন করুন',NULL,NULL,NULL,NULL),(373,'content','Content','সন্তুষ্ট',NULL,NULL,NULL,NULL),(374,'widget','Widget','উইজেট',NULL,NULL,NULL,NULL),(375,'1','1','1',NULL,NULL,NULL,NULL),(376,'3','3','3',NULL,NULL,NULL,NULL),(377,'4','4','4',NULL,NULL,NULL,NULL),(378,'9','9','9',NULL,NULL,NULL,NULL),(379,'product_categories','Product Categories','পণের ধরন',NULL,NULL,NULL,NULL),(380,'blog_categories','Blog Categories','ব্লগ বিভাগ',NULL,NULL,NULL,NULL),(381,'advance_search','Advance Search','অগ্রিম অনুসন্ধান',NULL,NULL,NULL,NULL),(382,'special_products','Special Products','বিশেষ পণ্য',NULL,NULL,NULL,NULL),(383,'special_blogs','Special Blogs','বিশেষ ব্লগ',NULL,NULL,NULL,NULL),(384,'','','',NULL,NULL,NULL,NULL),(385,'reset','Reset','রিসেট',NULL,NULL,NULL,NULL),(386,'upload','Upload','আপলোড',NULL,NULL,NULL,NULL),(387,'not_more_than_4_columns!','Not More Than 4 Columns!','অনধিক 4 কলাম!',NULL,NULL,NULL,NULL),(388,'manage_widgets','Manage Widgets','উইজেট পরিচালনা',NULL,NULL,NULL,NULL),(389,'add_widget','Add Widget','উইজেট যোগ করুন',NULL,NULL,NULL,NULL),(390,'create_widget','Create Widget','উইজেট তৈরি করুন',NULL,NULL,NULL,NULL),(391,'widget_serial','Widget Serial','উইজেট সিরিয়াল',NULL,NULL,NULL,NULL),(392,'successfully_serialized!','Successfully Serialized!','সফলভাবে ধারাবাহিকভাবে!',NULL,NULL,NULL,NULL),(393,'page_widget_serial','Page Widget Serial','পৃষ্ঠা উইজেট সিরিয়াল',NULL,NULL,NULL,NULL),(394,'title','Title','খেতাব',NULL,NULL,NULL,NULL),(395,'category','Category','বিভাগ',NULL,NULL,NULL,NULL),(396,'advanced_search','Advanced Search','উন্নত অনুসন্ধান',NULL,NULL,NULL,NULL),(397,'recently_viewed','Recently Viewed','সম্প্রতি দেখা',NULL,NULL,NULL,NULL),(398,'most_popular','Most Popular','সবচেয়ে জনপ্রিয়',NULL,NULL,NULL,NULL),(399,'edit_widget','Edit Widget','উইজেট সম্পাদনা',NULL,NULL,NULL,NULL),(400,'top_stories','Top Stories','শীর্ষ খবর',NULL,NULL,NULL,NULL),(401,'sign_in_to_your_account','Sign In To Your Account','আপনার অ্যাকাউন্টে সাইন ইন করুন',NULL,NULL,NULL,NULL),(402,'forget_password','Forget Password','পাসওয়ার্ড ভুলে গেছেন',NULL,NULL,NULL,NULL),(403,'email_sent_with_new_password!','Email Sent With New Password!','ইমেইল নতুন পাসওয়ার্ড দিয়ে পাঠানো হয়েছে!',NULL,NULL,NULL,NULL),(404,'forgot_password','Forgot Password','পাসওয়ার্ড ভুলে গেছেন',NULL,NULL,NULL,NULL),(405,'this_field_is_required','This Field Is Required','ঘরটি অবশ্যই পূরণ করতে হবে',NULL,NULL,NULL,NULL),(406,'signing_in...','Signing In...','সাইন ইন...',NULL,NULL,NULL,NULL),(407,'new_password_sent_to_your_email','New Password Sent To Your Email','নতুন পাসওয়ার্ড আপনার ইমেইল পাঠানো',NULL,NULL,NULL,NULL),(408,'login_failed!','Login Failed!','লগইন ব্যর্থ!',NULL,NULL,NULL,NULL),(409,'wrong_e-mail_address!_try_again','Wrong E-mail Address! Try Again','ভুল ই-মেল ঠিকানা! </font><font>আবার চেষ্টা কর',NULL,NULL,NULL,NULL),(410,'login_successful!','Login Successful!','সফল লগইন!',NULL,NULL,NULL,NULL),(411,'SUCCESS!','SUCCESS!','সাফল্য!',NULL,NULL,NULL,NULL),(412,'reset_password','Reset Password','পাসওয়ার্ড রিসেট করুন',NULL,NULL,NULL,NULL),(413,'account_not_approved._wait_for_approval.','Account Not Approved. Wait For Approval.','অ্যাকাউন্ট অনুমোদিত নয়। </font><font>অনুমোদনের জন্য অপেক্ষা করুন।',NULL,NULL,NULL,NULL),(414,'order_by','Order By','আদেশ দ্বারা',NULL,NULL,NULL,NULL),(415,'newest','Newest','নতুন',NULL,NULL,NULL,NULL),(416,'oldest','Oldest','প্রবীণতম',NULL,NULL,NULL,NULL),(417,'most_viewed','Most Viewed','সর্বাধিক দেখা',NULL,NULL,NULL,NULL),(418,'read_later','Read Later','পরবর্তীতে পড়ুন',NULL,NULL,NULL,NULL),(419,'read_more','Read More','আরো পড়ুন',NULL,NULL,NULL,NULL),(420,'news_added_to_readlater','News Added To Readlater','সংবাদ যোগ Readlater',NULL,NULL,NULL,NULL),(421,'news_removed_from_readlater','News Removed From Readlater','সংবাদ Readlater থেকে সরানো',NULL,NULL,NULL,NULL),(422,'back_to_login','Back To Login','প্রবেশ করতে পেছান',NULL,NULL,NULL,NULL),(423,'user_registration','User Registration','বেবহারকারির রেজিস্ট্রেশান',NULL,NULL,NULL,NULL),(424,'already_a_member_?_click_to_','Already A Member ? Click To ','ইতোমধ্যে একজন সদস্য ? </font><font>জন্য ক্লিক করুন',NULL,NULL,NULL,NULL),(425,'first_name','First Name','প্রথম নাম',NULL,NULL,NULL,NULL),(426,'last_name','Last Name','নামের শেষাংশ',NULL,NULL,NULL,NULL),(427,'address_line_1','Address Line 1','ঠিকানা লাইন 1',NULL,NULL,NULL,NULL),(428,'address_line_2','Address Line 2','ঠিকানা লাইন ২',NULL,NULL,NULL,NULL),(429,'city','City','শহর',NULL,NULL,NULL,NULL),(430,'state','State','রাষ্ট্র',NULL,NULL,NULL,NULL),(431,'country','Country','দেশ',NULL,NULL,NULL,NULL),(432,'zip','Zip','ফ্যাস্ শব্দ',NULL,NULL,NULL,NULL),(433,'registering..','Registering..','নিবন্ধীকরণ ..',NULL,NULL,NULL,NULL),(434,'register','Register','নিবন্ধন',NULL,NULL,NULL,NULL),(435,'my_profile','My Profile','আমার প্রোফাইল',NULL,NULL,NULL,NULL),(436,'user_profile','User Profile','ব্যবহারকারী প্রোফাইল',NULL,NULL,NULL,NULL),(437,'change_picture','Change Picture','ছবি পরিবর্তন',NULL,NULL,NULL,NULL),(438,'profile_picture_saved_successfully!','Profile Picture Saved Successfully!','প্রোফাইল ছবি সফলভাবে সংরক্ষিত হয়েছে!',NULL,NULL,NULL,NULL),(439,'edit_failed!','Edit Failed!','ব্যর্থ সম্পাদনা করুন!',NULL,NULL,NULL,NULL),(440,'try_again!','Try Again!','আবার চেষ্টা কর!',NULL,NULL,NULL,NULL),(441,'save_changes','Save Changes','পরিবর্তনগুলোর সংরক্ষন',NULL,NULL,NULL,NULL),(442,'profile_information','Profile Information','জীবন তথ্য',NULL,NULL,NULL,NULL),(443,'user_since','User Since','ব্যবহারকারী যেহেতু',NULL,NULL,NULL,NULL),(444,'last_login','Last Login','সর্বশেষ লগইন',NULL,NULL,NULL,NULL),(445,'contact_no','Contact No','যোগাযোগের নম্বর',NULL,NULL,NULL,NULL),(446,'news_added_to_readlater_list','News Added To Readlater List','সংবাদ Readlater তালিকায় যুক্ত',NULL,NULL,NULL,NULL),(447,'news_already_in_readlater_list','News Already In Readlater List','ইতিমধ্যে Readlater তালিকা সংবাদ',NULL,NULL,NULL,NULL),(448,'news_removed_from_readlater_list','News Removed From Readlater List','সংবাদ Readlater তালিকা থেকে বাদ',NULL,NULL,NULL,NULL),(449,'your_wishlist','Your Wishlist','আপনার ইচ্ছার তালিকাটি',NULL,NULL,NULL,NULL),(450,'image','Image','ভাবমূর্তি',NULL,NULL,NULL,NULL),(451,'price','Price','মূল্য',NULL,NULL,NULL,NULL),(452,'availability','Availability','উপস্থিতি',NULL,NULL,NULL,NULL),(453,'purchase','Purchase','ক্রয়',NULL,NULL,NULL,NULL),(454,'remove','Remove','অপসারণ',NULL,NULL,NULL,NULL),(455,'your_read_later_list','Your Read Later List','তোমার পড়ুন পরে দেখুন তালিকায়',NULL,NULL,NULL,NULL),(456,'date','Date','তারিখ',NULL,NULL,NULL,NULL),(457,'view','View','দৃশ্য',NULL,NULL,NULL,NULL),(458,'personal_info','Personal Info','ব্যাক্তিগত তথ্য',NULL,NULL,NULL,NULL),(459,'change_your_profile_information','Change Your Profile Information','আপনার প্রোফাইলের তথ্য পরিবর্তন',NULL,NULL,NULL,NULL),(460,'address 1','Address 1','ঠিকানা 1',NULL,NULL,NULL,NULL),(461,'address 2','Address 2','ঠিকানা ২',NULL,NULL,NULL,NULL),(462,'skype','Skype','স্কাইপ',NULL,NULL,NULL,NULL),(463,'google','Google','গুগল',NULL,NULL,NULL,NULL),(464,'facebook','Facebook','ফেসবুক',NULL,NULL,NULL,NULL),(465,'info_update_unsuccessful!','Info Update Unsuccessful!','তথ্য আপডেট অসফল!',NULL,NULL,NULL,NULL),(466,'info_updated_successfully!','Info Updated Successfully!','তথ্য সফলভাবে আপডেট করা হয়েছে!',NULL,NULL,NULL,NULL),(467,'change_your_password','Change Your Password','আপনার পাসওয়ার্ড পরিবর্তন করুন',NULL,NULL,NULL,NULL),(468,'old_password','Old Password','পুরনো পাসওয়ার্ড',NULL,NULL,NULL,NULL),(469,'new_password','New Password','নতুন পাসওয়ার্ড',NULL,NULL,NULL,NULL),(470,'confirm_new_password','Confirm New Password','নিশ্চিত কর নতুন গোপননম্বর',NULL,NULL,NULL,NULL),(471,'password_change_unsuccessful!','Password Change Unsuccessful!','পাসওয়ার্ড পরিবর্তন অসফল!',NULL,NULL,NULL,NULL),(472,'password_changed_successfully!','Password Changed Successfully!','পাসওয়ার্ড সফলভাবে পরিবর্তন!',NULL,NULL,NULL,NULL),(473,'all_messages','All Messages','সমস্ত বার্তা',NULL,NULL,NULL,NULL),(474,'create_ticket','Create Ticket','টিকিট তৈরি করুন',NULL,NULL,NULL,NULL),(475,'ticket_subject','Ticket Subject','টিকেট সাপেক্ষে',NULL,NULL,NULL,NULL),(476,'comment','Comment','মন্তব্য',NULL,NULL,NULL,NULL),(477,'message','Message','বার্তা',NULL,NULL,NULL,NULL),(478,'creating...','Creating...','তৈরি করা হচ্ছে ...',NULL,NULL,NULL,NULL),(479,'ticket_created_successfully','Ticket Created Successfully','টিকেট সফলভাবে তৈরি',NULL,NULL,NULL,NULL),(480,'ticket_creation_unsuccessful','Ticket Creation Unsuccessful','টিকেট ক্রিয়েশন অসফল',NULL,NULL,NULL,NULL),(481,'create','Create','সৃষ্টি',NULL,NULL,NULL,NULL),(482,'view_message','View Message','বার্তা দেখুন',NULL,NULL,NULL,NULL),(483,'manage_news','Manage News','সংবাদ পরিচালনা',NULL,NULL,NULL,NULL),(484,'add_news','Add News','সংবাদ যুক্ত করুন',NULL,NULL,NULL,NULL),(485,'create_news','Create News','সংবাদ তৈরি করুন',NULL,NULL,NULL,NULL),(486,'back_to_news_list','Back To News List','তালিকায় ফিরে যান',NULL,NULL,NULL,NULL),(487,'date_of_upload','Date Of Upload','আপলোড তারিখ',NULL,NULL,NULL,NULL),(488,'news_published','News Published','সংবাদ প্রকাশিত',NULL,NULL,NULL,NULL),(489,'news_unpublished','News Unpublished','সংবাদ অপ্রকাশিত',NULL,NULL,NULL,NULL),(490,'copy','Copy','কপি',NULL,NULL,NULL,NULL),(491,'news_view','News View','খবরের দৃশ্যের',NULL,NULL,NULL,NULL),(492,'successfully_viewed!','Successfully Viewed!','সফলভাবে দেখা!',NULL,NULL,NULL,NULL),(493,'news_info','News Info','সংবাদ তথ্য',NULL,NULL,NULL,NULL),(494,'edit_news','Edit News','সংবাদ সম্পাদনা',NULL,NULL,NULL,NULL),(495,'really_want_to_move_this_news_to_archive?','Really Want To Move This News To Archive?','সত্যিই সংরক্ষাণাগার এই সংবাদ সরাতে চান?',NULL,NULL,NULL,NULL),(496,'archive','Archive','সংরক্ষাণাগার',NULL,NULL,NULL,NULL),(497,'archive_search','Archive Search','আর্কাইভ অনুসন্ধান',NULL,NULL,NULL,NULL),(498,'contact_form','Contact Form','পরিচিতি ফর্ম',NULL,NULL,NULL,NULL),(499,'send_message','Send Message','বার্তা পাঠান',NULL,NULL,NULL,NULL),(500,'sending..','Sending..','পাঠানো হচ্ছে ..',NULL,NULL,NULL,NULL),(501,'enter_valid_email_address','Enter Valid Email Address','বৈধ ইমেইল ঠিকানা লিখুন',NULL,NULL,NULL,NULL),(502,'message_sent_successfully','Message Sent Successfully','বার্তাটি সফলভাবে পাঠানো',NULL,NULL,NULL,NULL),(503,'incorrect_information!Check agian','Incorrect Information! Check in','ভুল তথ্য! চেক ইন',NULL,NULL,NULL,NULL),(504,'this_filed_is_required!','This Filed Is Required!','এই মামলা দায়ের দরকার হয়!',NULL,NULL,NULL,NULL),(505,'incorrect_approach','Incorrect Approach','ভুল এপ্রোচ',NULL,NULL,NULL,NULL),(506,'please_filled_the_captcha','Please Filled The Captcha','ক্যাপচা ভরা দয়া',NULL,NULL,NULL,NULL),(507,'incorrect_information!Check again','Incorrect Information!Check Again','ভুল তথ্য! আবার চেক',NULL,NULL,NULL,NULL),(508,'please_fill_the_captcha','Please Fill The Captcha','ক্যাপচা পূরণ করুন',NULL,NULL,NULL,NULL),(509,'incorrect_information','Incorrect Information','ভুল তথ্য',NULL,NULL,NULL,NULL),(510,'check_again','Check Again','আবার পরীক্ষা করুন',NULL,NULL,NULL,NULL),(511,'this_field_is_required!','This Field Is Required!','ঘরটি অবশ্যই পূরণ করতে হবে!',NULL,NULL,NULL,NULL),(512,'i_agree_with','I Agree With','আমি একমত',NULL,NULL,NULL,NULL),(513,'terms_&_conditions','Terms &amp; Conditions','শর্তাবলী',NULL,NULL,NULL,NULL),(514,'reporter_details','Reporter Details','রিপোর্টার বিবরণ',NULL,NULL,NULL,NULL),(515,'all_reporters','All Reporters','সকল রিপোর্টার্স',NULL,NULL,NULL,NULL),(516,'detailed_information','Detailed Information','বিস্তারিত তথ্য',NULL,NULL,NULL,NULL),(517,'fathers_name','Fathers Name','বাবার নাম',NULL,NULL,NULL,NULL),(518,'mothers_name','Mothers Name','মায়ের নাম',NULL,NULL,NULL,NULL),(519,'phone_number','Phone Number','ফোন নম্বর',NULL,NULL,NULL,NULL),(520,'national_id','National Id','ন্যাশনাল আইডি',NULL,NULL,NULL,NULL),(521,'permanent_address','Permanent Address','স্থায়ী ঠিকানা',NULL,NULL,NULL,NULL),(522,'present_address','Present Address','বর্তমান ঠিকানা',NULL,NULL,NULL,NULL),(523,'designation','Designation','উপাধি',NULL,NULL,NULL,NULL),(524,'latest_news_of','Latest News Of','-এর সর্বশেষ খবর',NULL,NULL,NULL,NULL),(525,'you_have_registered_successfully','You Have Registered Successfully','আপনি সফলভাবে নিবন্ধিত',NULL,NULL,NULL,NULL),(526,'email_sending_failed!','Email Sending Failed!','ইমেইল ব্যর্থ পাঠানো হচ্ছে!',NULL,NULL,NULL,NULL),(527,'manage_archive_news','Manage Archive News','পরিচালনা সংরক্ষাণাগার সংবাদ',NULL,NULL,NULL,NULL),(528,'archived_by','Archived By','দ্বারা আর্কাইভ',NULL,NULL,NULL,NULL),(529,'really_want_to_move_this_news_to_news_list?','Really Want To Move This News To News List?','সত্যিই সংবাদ তালিকাতে এই সংবাদ সরাতে চান?',NULL,NULL,NULL,NULL),(530,'move_to_newslist','Move To Newslist','Newslist পর্যন্ত সরান',NULL,NULL,NULL,NULL),(531,'latest_videos','Latest Videos','সাম্প্রতিক ভিডিওগুলি',NULL,NULL,NULL,NULL),(532,'manage_photo_gallery','Manage Photo Gallery','ফটো গ্যালারি পরিচালনা',NULL,NULL,NULL,NULL),(533,'add_photo','Add Photo','ঘফজ',NULL,NULL,NULL,NULL),(534,'upload_photo','Upload Photo','ছবি আপলোড',NULL,NULL,NULL,NULL),(535,'back_to_photo_list','Back To Photo List','পিছনে ছবি লিস্টে',NULL,NULL,NULL,NULL),(536,'photo','Photo','ছবি',NULL,NULL,NULL,NULL),(537,'photo_published','Photo Published','ছবি প্রকাশিত',NULL,NULL,NULL,NULL),(538,'photo_unpublished','Photo Unpublished','ছবি অপ্রকাশিত',NULL,NULL,NULL,NULL),(539,'edit_photo','Edit Photo','ছবি সংস্কার',NULL,NULL,NULL,NULL),(540,'2','2','2',NULL,NULL,NULL,NULL),(541,'main','Main','প্রধান',NULL,NULL,NULL,NULL),(542,'add_more_image','Add More Image','আরো ছবি লাগান',NULL,NULL,NULL,NULL),(543,'optional_image','Optional Image','ঐচ্ছিক ভাবমূর্তি',NULL,NULL,NULL,NULL),(544,'5','5','5',NULL,NULL,NULL,NULL),(545,'6','6','6',NULL,NULL,NULL,NULL),(546,'manage_video_gallery','Manage Video Gallery','ভিডিও গ্যালারি পরিচালনা',NULL,NULL,NULL,NULL),(547,'add_video','Add Video','ভিডিও জুড়ুন',NULL,NULL,NULL,NULL),(548,'create_video','Create Video','ভিডিও তৈরি করুন',NULL,NULL,NULL,NULL),(549,'back_to_video_list','Back To Video List','পিছনে ভিডিও লিস্টে',NULL,NULL,NULL,NULL),(550,'video','Video','ভিডিও',NULL,NULL,NULL,NULL),(551,'video_source','Video Source','ভিডিও উত্স',NULL,NULL,NULL,NULL),(552,'video_published','Video Published','ভিডিও প্রকাশ',NULL,NULL,NULL,NULL),(553,'video_unpublished','Video Unpublished','ভিডিও অপ্রকাশিত',NULL,NULL,NULL,NULL),(554,'edit_video','Edit Video','চলচ্চিত্র সম্পাদন',NULL,NULL,NULL,NULL),(555,'local_pc','Local Pc','স্থানীয় পিসি',NULL,NULL,NULL,NULL),(556,'video_options','Video Options','ভিডিও বিকল্পসমূহ',NULL,NULL,NULL,NULL),(557,'choose_an_option','Choose An Option','একটি বিকল্প নির্বাচন করুন',NULL,NULL,NULL,NULL),(558,'upload_video','Upload Video','ভিডিও আপলোড করুন',NULL,NULL,NULL,NULL),(559,'share_link','Share Link','লিঙ্ক ভাগ করুন',NULL,NULL,NULL,NULL),(560,'video_preview','Video Preview','ভিডিওর পূর্বরূপ',NULL,NULL,NULL,NULL),(561,'sharing_site','Sharing Site','শেয়ারিং সাইট',NULL,NULL,NULL,NULL),(562,'choose_one','Choose One','একটি নির্বাচন করুন',NULL,NULL,NULL,NULL),(563,'youtube','Youtube','ইউটিউব',NULL,NULL,NULL,NULL),(564,'dailymotion','Dailymotion','প্রত্যুত্তর',NULL,NULL,NULL,NULL),(565,'vimeo','Vimeo','Vimeo',NULL,NULL,NULL,NULL),(566,'link','Link','লিংক',NULL,NULL,NULL,NULL),(567,'sub_categories','Sub Categories','সাব আরও',NULL,NULL,NULL,NULL),(568,'manage_news_reporter','Manage News Reporter','সংবাদ প্রতিবেদক পরিচালনা',NULL,NULL,NULL,NULL),(569,'add_news_reporter','Add News Reporter','সংবাদ প্রতিবেদক যোগ করুন',NULL,NULL,NULL,NULL),(570,'create_news_reporter','Create News Reporter','সংবাদ প্রতিবেদক তৈরি করুন',NULL,NULL,NULL,NULL),(571,'back_to_news_reporter_list','Back To News Reporter List','পিছনে সংবাদ প্রতিবেদক লিস্টে',NULL,NULL,NULL,NULL),(572,'total_no_of_uploaded_news','Total No Of Uploaded News','আপলোড করা নিউজের মোট',NULL,NULL,NULL,NULL),(573,'total_no_of_uploaded_news_in_current_month','Total No Of Uploaded News In Current Month','আপলোড করা নিউজের মোট চলতি মাসে',NULL,NULL,NULL,NULL),(574,'make_admin','Make Admin','অ্যাডমিন করা',NULL,NULL,NULL,NULL),(575,'news_reporter_profile','News Reporter Profile','সংবাদ প্রতিবেদক প্রোফাইল',NULL,NULL,NULL,NULL),(576,'edit_news_reporter','Edit News Reporter','সম্পাদনা সংবাদ প্রতিবেদক',NULL,NULL,NULL,NULL),(577,'style1','style1','style1',NULL,NULL,NULL,NULL),(578,'style2','style2','style2',NULL,NULL,NULL,NULL),(579,'style3','style3','style3',NULL,NULL,NULL,NULL),(580,'style4','Style4','Style4',NULL,NULL,NULL,NULL),(581,'summary','Summary','সারাংশ',NULL,NULL,NULL,NULL),(582,'publish_/_unpublish','Publish / Unpublish','প্রকাশ করুন / অপ্রকাশিত',NULL,NULL,NULL,NULL),(583,'manage_poll','Manage Poll','ভোট পরিচালনা',NULL,NULL,NULL,NULL),(584,'add_poll','Add Poll','ভোট দান যোগ করুন',NULL,NULL,NULL,NULL),(585,'create_poll','Create Poll','পোল তৈরি করুন',NULL,NULL,NULL,NULL),(586,'back_to_poll_list','Back To Poll List','পিছনে তালিকা জরিপ',NULL,NULL,NULL,NULL),(587,'poll_published','Poll Published','পোল প্রকাশিত',NULL,NULL,NULL,NULL),(588,'poll_unpublished','Poll Unpublished','ভোট অপ্রকাশিত',NULL,NULL,NULL,NULL),(589,'view_poll','View Poll','জরিপের',NULL,NULL,NULL,NULL),(590,'edit_poll','Edit Poll','ভোট সম্পাদনা',NULL,NULL,NULL,NULL),(591,'manage_news_specialities','Manage News Specialities','সংবাদ দোকানে পরিচালনা',NULL,NULL,NULL,NULL),(592,'add_news_speciality','Add News Speciality','সংবাদ বিশিষ্টতা যোগ করুন',NULL,NULL,NULL,NULL),(593,'create_news_speciality','Create News Speciality','সংবাদ বিশিষ্টতা তৈরি করুন',NULL,NULL,NULL,NULL),(594,'edit_news_speciality','Edit News Speciality','সম্পাদনা সংবাদ বিশিষ্টতা',NULL,NULL,NULL,NULL),(595,'news_speciality_name','News Speciality Name','সংবাদ বিশিষ্টতা নাম',NULL,NULL,NULL,NULL),(596,'default_images','Default Images','ডিফল্ট চিত্র',NULL,NULL,NULL,NULL),(597,'news_image','News Image','সংবাদ ভাবমূর্তি',NULL,NULL,NULL,NULL),(598,'photo_image','Photo Image','ছবি ভাবমূর্তি',NULL,NULL,NULL,NULL),(599,'user_image','User Image','ব্যবহারকারী ভাবমূর্তি',NULL,NULL,NULL,NULL),(600,'news_reporter_image','News Reporter Image','সংবাদ প্রতিবেদক ভাবমূর্তি',NULL,NULL,NULL,NULL),(601,'logo_image','logo Image','লোগো ইমেজ',NULL,NULL,NULL,NULL),(602,'select_default_image','Select Default Image','ডিফল্ট চিত্র নির্বাচন করুন',NULL,NULL,NULL,NULL),(603,'news_image_updated!','News Image Updated!','সংবাদ ভাবমূর্তি আপডেট করা হয়েছে!',NULL,NULL,NULL,NULL),(604,'photo_image_updated!','Photo Image Updated!','ছবি ভাবমূর্তি আপডেট করা হয়েছে!',NULL,NULL,NULL,NULL),(605,'user_image_updated!','User Image Updated!','ব্যবহারকারী ভাবমূর্তি আপডেট করা হয়েছে!',NULL,NULL,NULL,NULL),(606,'news_reporter_image_updated!','News Reporter Image Updated!','সংবাদ প্রতিবেদক ভাবমূর্তি আপডেট করা হয়েছে!',NULL,NULL,NULL,NULL),(607,'logo_image_updated!','Logo Image Updated!','লোগো ইমেজ আপডেট করা হয়েছে!',NULL,NULL,NULL,NULL),(608,'others_updated!','Others Updated!','অন্যরা আপডেট করা হয়েছে!',NULL,NULL,NULL,NULL),(609,'gallery','Gallery','দরদালান',NULL,NULL,NULL,NULL),(610,'user','User','ব্যবহারকারী',NULL,NULL,NULL,NULL),(611,'news_images','News Images','সংবাদ চিত্র',NULL,NULL,NULL,NULL),(612,'gallery_photos','Gallery Photos','গ্যালারি ফটো',NULL,NULL,NULL,NULL),(613,'user_profile_picture','User Profile Picture','ব্যবহারকারির প্রোফাইল ছবি',NULL,NULL,NULL,NULL),(614,'logos','Logos','লোগো',NULL,NULL,NULL,NULL),(615,'manage_news_categories','Manage News Categories','পরিচালনা সংবাদ ধরন',NULL,NULL,NULL,NULL),(616,'add_news_category','Add News Category','যোগ সংবাদ শ্রেণী',NULL,NULL,NULL,NULL),(617,'create_news_category','Create News Category','তৈরি করুন সংবাদ শ্রেণী',NULL,NULL,NULL,NULL),(618,'edit_news_category','Edit News Category','সম্পাদনা সংবাদ শ্রেণী',NULL,NULL,NULL,NULL),(619,'photo_details','Photo Details','ফটো বিবরণ',NULL,NULL,NULL,NULL),(620,'news_search','News Search','সংবাদ অনুসন্ধান',NULL,NULL,NULL,NULL),(621,'poll_question','Poll Question','ভোটের প্রশ্ন',NULL,NULL,NULL,NULL),(622,'poll_options','Poll Options','ভোটের বিকল্প',NULL,NULL,NULL,NULL),(623,'add_options','Add Options','অপশন যোগ',NULL,NULL,NULL,NULL),(624,'category_wise_news','Category Wise News','বিভাগ বিজ্ঞ সংবাদ',NULL,NULL,NULL,NULL),(625,'most_viewed_news','Most Viewed News','সর্বাধিক দেখা সংবাদ',NULL,NULL,NULL,NULL),(626,'news_reporter_photo','News Reporter Photo','সংবাদ প্রতিবেদক ছবি',NULL,NULL,NULL,NULL),(627,'select_your_photo','Select Your Photo','আপনার ফটো নির্বাচন করুন',NULL,NULL,NULL,NULL),(628,'news_reporter_email','News Reporter Email','সংবাদ প্রতিবেদক ইমেইল',NULL,NULL,NULL,NULL),(629,'news_reporter_name','News Reporter Name','সংবাদ প্রতিবেদক নাম',NULL,NULL,NULL,NULL),(630,'news_reporter_phone','News Reporter Phone','সংবাদ প্রতিবেদক ফোন',NULL,NULL,NULL,NULL),(631,'appointed_date','Appointed Date','নিয়োগ তারিখ',NULL,NULL,NULL,NULL),(632,'appointment_date','Appointment Date','সাক্ষাৎকারের তারিখ',NULL,NULL,NULL,NULL),(633,'news_reporter_designation','News Reporter Designation','সংবাদ প্রতিবেদক পদবী',NULL,NULL,NULL,NULL),(634,'computer_IP','Computer IP','কম্পিউটার আইপি',NULL,NULL,NULL,NULL),(635,'view_profile','View Profile','প্রোফাইল দেখুন',NULL,NULL,NULL,NULL),(636,'users','Users','ব্যবহারকারীরা',NULL,NULL,NULL,NULL),(637,'e-mail','E-mail','ই-মেইল',NULL,NULL,NULL,NULL),(638,'manage_tickets','Manage Tickets','পরিচালনা টিকেট',NULL,NULL,NULL,NULL),(639,'back_to_ticket_list','Back To Ticket List','পিছনে টিকেট লিস্টে',NULL,NULL,NULL,NULL),(640,'from','From','থেকে',NULL,NULL,NULL,NULL),(641,'requested_time','Requested Time','অনুরোধ করা সময়',NULL,NULL,NULL,NULL),(642,'view_contact_ticket','View Contact Ticket','দেখুন যোগাযোগ টিকেট',NULL,NULL,NULL,NULL),(643,'view_ticket','View Ticket','দেখুন টিকেট',NULL,NULL,NULL,NULL),(644,'new','New','নতুন',NULL,NULL,NULL,NULL),(645,'ticket','Ticket','টিকেট',NULL,NULL,NULL,NULL),(646,'ticket_from','Ticket From','থেকে টিকেট',NULL,NULL,NULL,NULL),(647,'date_&_time','Date &amp; Time','তারিখ সময়',NULL,NULL,NULL,NULL),(648,'admin','Admin','অ্যাডমিন',NULL,NULL,NULL,NULL),(649,'reply_message','Reply Message','বার্তা উত্তর',NULL,NULL,NULL,NULL),(650,'view_original_message','View Original Message','মূল বার্তা দেখুন',NULL,NULL,NULL,NULL),(651,'successfully_replied!','Successfully Replied!','সফলভাবে জবাব দিয়েছেন!',NULL,NULL,NULL,NULL),(652,'reply','Reply','উত্তর',NULL,NULL,NULL,NULL),(653,'send_newsletter','Send Newsletter','নিউজলেটার পাঠাতে',NULL,NULL,NULL,NULL),(654,'e-mails_(users)','E-mails (users)','ই-মেল (ব্যবহারকারী)',NULL,NULL,NULL,NULL),(655,'e-mails_(subscribers)','E-mails (subscribers)','ই-মেল (সদস্য)',NULL,NULL,NULL,NULL),(656,'from_:_email_address','From : Email Address','থেকে: ইমেল ঠিকানা',NULL,NULL,NULL,NULL),(657,'newsletter_subject','Newsletter Subject','নিউজলেটার সাপেক্ষে',NULL,NULL,NULL,NULL),(658,'newsletter_content','Newsletter Content','নিউজলেটার বিষয়বস্তু',NULL,NULL,NULL,NULL),(659,'sending','Sending','পাঠানো হচ্ছে',NULL,NULL,NULL,NULL),(660,'sent!','Sent!','পাঠানো হয়েছে!',NULL,NULL,NULL,'已发送！'),(661,'send','Send','পাঠান',NULL,NULL,NULL,'发送'),(662,'view_contact_message','View Contact Message','দেখুন যোগাযোগ পাঠান',NULL,NULL,NULL,'查看联系信息'),(663,'date_time','Date Time','তারিখ সময়',NULL,NULL,NULL,'约会时间'),(664,'manage_staffs','Manage Staffs','কর্মচারীদের পরিচালনা',NULL,NULL,NULL,'管理员工'),(665,'add_staff','Add Staff','স্টাফ যোগ করুন',NULL,NULL,NULL,'添加员工'),(666,'create_admin','Create Admin','এডমিন তৈরি করুন',NULL,NULL,NULL,'创建管理员'),(667,'role','Role','ভূমিকা',NULL,NULL,NULL,'角色'),(668,'edit_admin','Edit Admin','এডমিন সম্পাদনা',NULL,NULL,NULL,'编辑管理员'),(669,'staffs','Staffs','কর্মীরা',NULL,NULL,NULL,'员工'),(670,'sddress','Sddress','Sddress',NULL,NULL,NULL,'Sddress'),(671,'add_role','Add Role','ভূমিকা যোগ করুন',NULL,NULL,NULL,'添加角色'),(672,'create_role','Create Role','ভূমিকা তৈরি করুন',NULL,NULL,NULL,'创建角色'),(673,'back_to_role_list','Back To Role List','পিছনে ভূমিকা লিস্টে',NULL,NULL,NULL,'返回到角色列表'),(674,'edit_role','Edit Role','ভূমিকা সম্পাদনা',NULL,NULL,NULL,'编辑角色'),(675,'upload_logo','Upload Logo','লোগো আপলোড করুন',NULL,NULL,NULL,'上传徽标'),(676,'select_logo','Select Logo','লোগো নির্বাচন করুন',NULL,NULL,NULL,'选择徽标'),(677,'all_logos','All Logos','সমস্ত লোগো',NULL,NULL,NULL,'所有标志'),(678,'place','Place','জায়গা',NULL,NULL,NULL,'地点'),(679,'admin_logo','Admin Logo','এডমিন লোগো',NULL,NULL,NULL,'管理员徽标'),(680,'successfully_selected!','Successfully Selected!','সফলভাবে নির্বাচন করা হয়েছে!',NULL,NULL,NULL,'成功选择！'),(681,'change','Change','পরিবর্তন',NULL,NULL,NULL,'更改'),(682,'homepage_header_logo','Homepage Header Logo','হোম পেজ শিরোলেখ লোগো',NULL,NULL,NULL,'主页标题徽标'),(683,'homepage_footer_logo','Homepage Footer Logo','হোম পেজ পাদলেখ লোগো',NULL,NULL,NULL,'主页页脚标志'),(684,'successfully_logo_uploaded','Successfully Logo Uploaded','সফলভাবে লোগো আপলোড করা',NULL,NULL,NULL,'已成功上传徽标'),(685,'profile_info','Profile Info','প্রোফাইল তথ্য',NULL,NULL,NULL,'资料信息'),(686,'menu','Menu','মেনু',NULL,NULL,NULL,'菜单'),(687,'about_us','About Us','আমাদের সম্পর্কে',NULL,NULL,NULL,'关于我们'),(688,'7','7','7',NULL,NULL,NULL,'7'),(689,'8','8','8',NULL,NULL,NULL,'8'),(690,'your_message','Your Message','তোমার বার্তা',NULL,NULL,NULL,'你的信息'),(691,'replying...','Replying...','উত্তর দিচ্ছে ...',NULL,NULL,NULL,'回复...'),(692,'reply_sent_successfully','Reply Sent Successfully','উত্তর দিন সফলভাবে পাঠানো',NULL,NULL,NULL,'回复已成功发送'),(693,'unsuccessful','Unsuccessful','ব্যার্থ',NULL,NULL,NULL,'不成功'),(694,'footer_settings','Footer Settings','পাদলেখ সেটিং',NULL,NULL,NULL,'页脚设置'),(695,'footer_category','Footer Category','পাদলেখ শ্রেণী',NULL,NULL,NULL,'页脚类别'),(696,'footer_text','Footer Text','পাদচরণ',NULL,NULL,NULL,'页脚文本'),(697,'header','Header','শিরোলেখ',NULL,NULL,NULL,'头'),(698,'header_settings','Header Settings','শিরোলেখ সেটিং',NULL,NULL,NULL,'标题设置'),(699,'menu_links_position','Menu Links Position','মেনু লিংক অবস্থান',NULL,NULL,NULL,'菜单链接位置'),(700,'social_icons_position','Social Icons Position','সামাজিক আইকন অবস্থান',NULL,NULL,NULL,'社会图标的位置'),(701,'search_bar_position','Search Bar Position','অনুসন্ধান বারের অবস্থান',NULL,NULL,NULL,'搜索栏位置'),(702,'drop_down_effects','Drop Down Effects','ড্রপ ডাউন এফেক্টস',NULL,NULL,NULL,'下拉效果'),(703,'fade','Fade','বিলীন করা',NULL,NULL,NULL,'褪色'),(704,'scale','Scale','স্কেল',NULL,NULL,NULL,'规模'),(705,'expand_top','Expand Top','শীর্ষ সম্প্রসারণ',NULL,NULL,NULL,'展开顶部'),(706,'expand_bottom','Expand Bottom','বটম সম্প্রসারণ',NULL,NULL,NULL,'展开底部'),(707,'expand_left','Expand Left','বাম সম্প্রসারণ',NULL,NULL,NULL,'展开左侧'),(708,'expand_right','Expand Right','রাইট সম্প্রসারণ',NULL,NULL,NULL,'向右扩展'),(709,'sticky_header','Sticky Header','স্টিকি শিরোলেখ',NULL,NULL,NULL,'粘滞的标题'),(710,'yes','Yes','হাঁ',NULL,NULL,NULL,'是'),(711,'manage_news_sub_categories','Manage News Sub Categories','পরিচালনা সংবাদ সাব আরও',NULL,NULL,NULL,'管理新闻子类别'),(712,'add_sub-category','Add Sub-category','উপ-বিভাগ যোগ করুন',NULL,NULL,NULL,'添加子类别'),(713,'create_news_sub_category','Create News Sub Category','তৈরি করুন সংবাদ সাব শ্রেণী',NULL,NULL,NULL,'创建新闻子类别'),(714,'edit_sub-category','Edit Sub-category','সম্পাদনা করুন উপ-বিভাগ',NULL,NULL,NULL,'编辑子类别'),(715,'news_sub_category','News Sub Category','সংবাদ সাব শ্রেণী',NULL,NULL,NULL,'新闻子类别'),(716,'select','Select','নির্বাচন করা',NULL,NULL,NULL,'选择'),(717,'manage_home_page_items','Manage Home Page Items','পরিচালনা হোম পেজ চলছে',NULL,NULL,NULL,'管理主页项目'),(718,'scrolling_news','Scrolling News','স্ক্রোলিং সংবাদ',NULL,NULL,NULL,'Scrolling News'),(719,'top_sliding_news','Top Sliding News','শীর্ষ সহচরী সংবাদ',NULL,NULL,NULL,'Top Sliding News'),(720,'detail_news','Detail News','বিস্তারিত সংবাদ',NULL,NULL,NULL,'Detail News'),(721,'special_category_with_sidebar','Special Category With Sidebar','সাইডবার সঙ্গে বিশেষ শ্রেণী',NULL,NULL,NULL,'Special Category With Sidebar'),(722,'layer_slider','Layer Slider','লেয়ার স্লাইডার',NULL,NULL,NULL,'Layer Slider'),(723,'number_of_news','Number Of News','খবর সংখ্যা',NULL,NULL,NULL,'Number Of News'),(724,'updating','Updating','আপডেট করা হচ্ছে',NULL,NULL,NULL,'Updating'),(725,'scrolling_news_updated!','Scrolling News Updated!','স্ক্রোলিং সংবাদ আপডেট করা হয়েছে!',NULL,NULL,NULL,'Scrolling News Updated!'),(726,'display_status','Display Status','ডিসপ্লে স্থিতি',NULL,NULL,NULL,'Display Status'),(727,'scrolling_news_enabled','Scrolling News Enabled','স্ক্রোলিং সংবাদ সক্ষম',NULL,NULL,NULL,'Scrolling News Enabled'),(728,'scrolling_news_disabled','Scrolling News Disabled','স্ক্রোলিং সংবাদ অক্ষম করা হয়েছে',NULL,NULL,NULL,'Scrolling News Disabled'),(729,'top_news_enabled','Top News Enabled','শীর্ষ সংবাদ সক্ষম',NULL,NULL,NULL,'Top News Enabled'),(730,'top_news_disabled','Top News Disabled','শীর্ষ সংবাদ অক্ষম করা হয়েছে',NULL,NULL,NULL,'Top News Disabled'),(731,'choose_style','Choose Style','শৈলী চয়ন করুন',NULL,NULL,NULL,'Choose Style'),(732,'top_news_updated!','Top News Updated!','শীর্ষ সংবাদ এর আপডেট করা হয়েছে!',NULL,NULL,NULL,'Top News Updated!'),(733,'sliding_news_enabled','Sliding News Enabled','স্লাইড সংবাদ সক্ষম',NULL,NULL,NULL,'Sliding News Enabled'),(734,'sliding_news_disabled','Sliding News Disabled','সংবাদ অক্ষম করা হয়েছে সহচরী',NULL,NULL,NULL,'Sliding News Disabled'),(735,'sliding_news_updated!','Sliding News Updated!','সহচরী সংবাদ আপডেট করা হয়েছে!',NULL,NULL,NULL,'Sliding News Updated!'),(736,'Breaking News','Breaking News','সদ্যপ্রাপ্ত সংবাদ',NULL,NULL,NULL,'Breaking News'),(737,'Top Stories','Top Stories','শীর্ষ খবর',NULL,NULL,NULL,'Top Stories'),(738,'Top','Top','শীর্ষ',NULL,NULL,NULL,'Top'),(739,'detail_news_enabled','Detail News Enabled','বিস্তারিত সংবাদ সক্ষম',NULL,NULL,NULL,'Detail News Enabled'),(740,'detail_news_disabled','Detail News Disabled','বিস্তারিত সংবাদ অক্ষম করা হয়েছে',NULL,NULL,NULL,'Detail News Disabled'),(741,'detail_news_updated!','Detail News Updated!','বিস্তারিত সংবাদ আপডেট করা হয়েছে!',NULL,NULL,NULL,'Detail News Updated!'),(742,'photo_gallery_enabled','Photo Gallery Enabled','ফটো গ্যালারী সক্ষমিত',NULL,NULL,NULL,'Photo Gallery Enabled'),(743,'photo_gallery_disabled','Photo Gallery Disabled','ফটো গ্যালারী অক্ষম',NULL,NULL,NULL,'Photo Gallery Disabled'),(744,'number_of_photos','Number Of Photos','অনেকগুলি ছবি',NULL,NULL,NULL,'Number Of Photos'),(745,'photo_gallery_updated!','Photo Gallery Updated!','ফটো গ্যালারি আপডেট করা হয়েছে!',NULL,NULL,NULL,'Photo Gallery Updated!'),(746,'Photos','Photos','ফটো',NULL,NULL,NULL,'Photos'),(747,'video_gallery_enabled','Video Gallery Enabled','ভিডিও গ্যালারি সক্ষম',NULL,NULL,NULL,'Video Gallery Enabled'),(748,'video_gallery_disabled','Video Gallery Disabled','ভিডিও গ্যালারি অক্ষম',NULL,NULL,NULL,'Video Gallery Disabled'),(749,'video_gallery_updated!','Video Gallery Updated!','ভিডিও গ্যালারি আপডেট করা হয়েছে!',NULL,NULL,NULL,'Video Gallery Updated!'),(750,'Video Gallery','Video Gallery','ভিডিও গ্যালারি',NULL,NULL,NULL,'Video Gallery'),(751,'special_category_enabled','Special Category Enabled','বিশেষ শ্রেণী সক্ষমিত',NULL,NULL,NULL,'Special Category Enabled'),(752,'special_category_disabled','Special Category Disabled','বিশেষ শ্রেণী অক্ষমিত',NULL,NULL,NULL,'Special Category Disabled'),(753,'choose_category','Choose Category','বিভাগ চয়ন করুন',NULL,NULL,NULL,'Choose Category'),(754,'special_category_updated!','Special Category Updated!','বিশেষ শ্রেণী আপডেট করা হয়েছে!',NULL,NULL,NULL,'Special Category Updated!'),(755,'home_category_enabled','Home Category Enabled','হোম শ্রেণী সক্ষমিত',NULL,NULL,NULL,'Home Category Enabled'),(756,'home_category_disabled','Home Category Disabled','হোম শ্রেণী অক্ষমিত',NULL,NULL,NULL,'Home Category Disabled'),(757,'choose_outlook','Choose Outlook','আউটলুক চয়ন করুন',NULL,NULL,NULL,'Choose Outlook'),(758,'single_style','Single Style','একক স্টাইল',NULL,NULL,NULL,'Single Style'),(759,'multiple_style','Multiple Style','একাধিক স্টাইল',NULL,NULL,NULL,'Multiple Style'),(760,'home_categories_updated!','Home Categories Updated!','হোম ধরন আপডেট করা হয়েছে!',NULL,NULL,NULL,'Home Categories Updated!'),(761,'manage_home_page_sections','Manage Home Page Sections','পরিচালনা হোম পেজ সেকশনস',NULL,NULL,NULL,'Manage Home Page Sections'),(762,'choose_categories','Choose Categories','বিভাগ চয়ন',NULL,NULL,NULL,'Choose Categories'),(763,'Alvi\'s News','Alvi\'s News','আলভী এর সংবাদ',NULL,NULL,NULL,'Alvi\'s News'),(764,'Photo Gallery','Photo Gallery','ফটো গ্যালারি',NULL,NULL,NULL,'Photo Gallery'),(765,'widget_name','Widget Name','উইজেট নাম',NULL,NULL,NULL,'Widget Name'),(766,'code','Code','কোড',NULL,NULL,NULL,'Code'),(767,'enter_code_here.....','Enter Code Here.....','কোড লিখুন এখানে .....',NULL,NULL,NULL,'Enter Code Here.....'),(768,'featured','Featured','বৈশিষ্ট্যযুক্ত',NULL,NULL,NULL,'Featured'),(769,'latest','Latest','সর্বশেষ',NULL,NULL,NULL,'Latest'),(770,'product_view','Product View','প্রোডাক্ট দেখুন',NULL,NULL,NULL,'Product View'),(771,'page_serial','Page Serial','পৃষ্ঠা সিরিয়াল',NULL,NULL,NULL,'Page Serial'),(772,'page_widget_serial_saved!','Page Widget Serial Saved!','পৃষ্ঠা উইজেট সিরিয়াল সংরক্ষিত!',NULL,NULL,NULL,'Page Widget Serial Saved!'),(773,'choose_theme','Choose Theme','থিম চয়ন করুন',NULL,NULL,NULL,'Choose Theme'),(774,'theme_updated!','Theme Updated!','থিম আপডেট করা হয়েছে!',NULL,NULL,NULL,'Theme Updated!'),(775,'select_favicon','Select Favicon','ফেভিকন নির্বাচন',NULL,NULL,NULL,'Select Favicon'),(776,'favicon_updated!','Favicon Updated!','ফেভিকন আপডেট করা হয়েছে!',NULL,NULL,NULL,'Favicon Updated!'),(777,'choose_font','Choose Font','ফন্ট পছন্দ করুন',NULL,NULL,NULL,'Choose Font'),(778,'font_updated!','Font Updated!','ফন্ট আপডেট করা হয়েছে!',NULL,NULL,NULL,'Font Updated!'),(779,'preloaders','Preloaders','Preloaders',NULL,NULL,NULL,'Preloaders'),(780,'preloader_color','Preloader Color','Preloader রঙ',NULL,NULL,NULL,'Preloader Color'),(781,'preloader_background','Preloader Background','Preloader পটভূমি',NULL,NULL,NULL,'Preloader Background'),(782,'preloader_updated!','Preloader Updated!','Preloader আপডেট করা হয়েছে!',NULL,NULL,NULL,'Preloader Updated!'),(783,'news_categories','News Categories','সংবাদ ধরন',NULL,NULL,NULL,'News Categories'),(784,'recent_&_popular_news_(10)','Recent & Popular News (10)','সাম্প্রতিক &amp; জনপ্রিয় সংবাদ (10)',NULL,NULL,NULL,'Recent &amp; Popular News (10)'),(785,'recent_&_popular_news_(5)','Recent & Popular News (5)','সাম্প্রতিক &amp; জনপ্রিয় সংবাদ (5)',NULL,NULL,NULL,'Recent &amp; Popular News (5)'),(786,'choose_widgets','Choose Widgets','উইজেট নির্বাচন করে',NULL,NULL,NULL,'Choose Widgets'),(787,'theme_selection','Theme Selection','থিম নির্বাচন',NULL,NULL,NULL,'Theme Selection'),(788,'choose_color','Choose Color','রঙ চয়ন করুন',NULL,NULL,NULL,'Choose Color'),(789,'theme_settings','Theme Settings','থিম সেটিংস',NULL,NULL,NULL,'Theme Settings'),(790,'others_appearance','Others Appearance','অন্যরা চেহারা',NULL,NULL,NULL,'Others Appearance'),(791,'page_elements','Page Elements','পৃষ্ঠা উপাদানগুলি',NULL,NULL,NULL,'Page Elements'),(792,'manage_theme_selection','Manage Theme Selection','থিম নির্বাচন পরিচালনা',NULL,NULL,NULL,'Manage Theme Selection'),(793,'manage_theme_settings','Manage Theme Settings','থিম সেটিংস পরিচালনা করুন',NULL,NULL,NULL,'Manage Theme Settings'),(794,'manage_others_appearance','Manage Others Appearance','পরিচালনা অন্যরা চেহারা',NULL,NULL,NULL,'Manage Others Appearance'),(795,'font','Font','ফন্ট',NULL,NULL,NULL,'Font'),(796,'manage_page_and_elements','Manage Page And Elements','পৃষ্ঠা এবং উপাদানসমূহ পরিচালনা',NULL,NULL,NULL,'Manage Page And Elements'),(797,'news_description','News Description','সংবাদ বর্ণনা',NULL,NULL,NULL,'News Description'),(798,'news_listing','News Listing','খবর তালিকা',NULL,NULL,NULL,'News Listing'),(799,'photo_description','Photo Description','ছবি বর্ণনা',NULL,NULL,NULL,'Photo Description'),(800,'video_description','Video Description','ভিডিও বিবরণ',NULL,NULL,NULL,'Video Description'),(801,'choose_bottom_section','Choose Bottom Section','বটম অনুচ্ছেদ নির্বাচন করুন',NULL,NULL,NULL,'Choose Bottom Section'),(802,'news_description_updated!','News Description Updated!','সংবাদ বর্ণনা আপডেট করা হয়েছে!',NULL,NULL,NULL,'News Description Updated!'),(803,'news_category_page_updated!','News Category Page Updated!','সংবাদ বিভাগ পৃষ্ঠাতে আপডেট করা হয়েছে!',NULL,NULL,NULL,'News Category Page Updated!'),(804,'news_listing_page_updated!','News Listing Page Updated!','সংবাদ তালিকা পৃষ্ঠার আপডেট করা হয়েছে!',NULL,NULL,NULL,'News Listing Page Updated!'),(805,'pages','Pages','পেজ',NULL,NULL,NULL,'Pages'),(806,'color','Color','রঙ',NULL,NULL,NULL,'Color'),(807,'photo_detail_page_updated!','Photo Detail Page Updated!','ছবি পৃষ্ঠার বিশদ আপডেট করা হয়েছে!',NULL,NULL,NULL,'Photo Detail Page Updated!'),(808,'video_detail_page_updated!','Video Detail Page Updated!','ভিডিও পৃষ্ঠার বিশদ আপডেট করা হয়েছে!',NULL,NULL,NULL,'Video Detail Page Updated!'),(809,'reporters_page_updated!','Reporters Page Updated!','রিপোর্টার্স পৃষ্ঠা আপডেট করা হয়েছে!',NULL,NULL,NULL,'Reporters Page Updated!'),(810,'reporter_detail_page_updated!','Reporter Detail Page Updated!','রিপোর্টার পৃষ্ঠার বিশদ আপডেট করা হয়েছে!',NULL,NULL,NULL,'Reporter Detail Page Updated!'),(811,'archive_news_page_updated!','Archive News Page Updated!','সংরক্ষাণাগার খবর পৃষ্ঠায় আপডেট করা হয়েছে!',NULL,NULL,NULL,'Archive News Page Updated!'),(812,'contact_address','Contact Address','যোগাযোগের ঠিকানা',NULL,NULL,NULL,'Contact Address'),(813,'contact_phone','Contact Phone','ফোনে যোগাযোগ',NULL,NULL,NULL,'Contact Phone'),(814,'contact_email','Contact Email','যোগাযোগের ই - মেইল',NULL,NULL,NULL,'Contact Email'),(815,'contact_website','Contact Website','যোগাযোগ ওয়েবসাইট',NULL,NULL,NULL,'Contact Website'),(816,'contact_about','Contact About','আমাদের সম্পর্কে যোগাযোগ',NULL,NULL,NULL,'Contact About'),(817,'contact_page_updated!','Contact Page Updated!','যোগাযোগ পৃষ্ঠা আপডেট করা হয়েছে!',NULL,NULL,NULL,'Contact Page Updated!'),(818,'video_details','Video Details','ভিডিও বিবরণ',NULL,NULL,NULL,'Video Details'),(819,'title_needed','Title Needed','শিরোনাম দরকার',NULL,NULL,NULL,'Title Needed'),(820,'message_from','Message From','থেকে বার্তা',NULL,NULL,NULL,'Message From'),(821,'reply_contact_message','Reply Contact Message','উত্তর দিন যোগাযোগ পাঠান',NULL,NULL,NULL,'Reply Contact Message'),(822,'about','About','সম্বন্ধে',NULL,NULL,NULL,'About'),(823,'total_uploads','Total Uploads','মোট আপলোড',NULL,NULL,NULL,'Total Uploads'),(824,'last_month_uploads','Last Month Uploads','গত মাস আপলোড',NULL,NULL,NULL,'Last Month Uploads'),(825,'select_photo','Select Photo','ছবি নির্বাচন করুন',NULL,NULL,NULL,'Select Photo'),(826,'all_videos','All Videos','সকল ভিডিও',NULL,NULL,NULL,'All Videos'),(827,'uploaded_videos','Uploaded Videos','আপলোড করা ভিডিও',NULL,NULL,NULL,'Uploaded Videos'),(828,'news_category_name','News Category Name','সংবাদ ক্যাটাগরি নাম',NULL,NULL,NULL,'News Category Name'),(829,'news_sub-category_name','News Sub-category Name','সংবাদ উপ-বিভাগের নাম',NULL,NULL,NULL,'News Sub-category Name'),(830,'Lifestyle','Lifestyle','জীবনধারা',NULL,NULL,NULL,'Lifestyle'),(831,'Travelling ','Travelling ','ভ্রমণ ',NULL,NULL,NULL,'Travelling '),(832,'Fashion','Fashion','ফ্যাশন',NULL,NULL,NULL,'Fashion'),(833,'Foods','Foods','খাদ্যে',NULL,NULL,NULL,'Foods'),(834,'Health','Health','স্বাস্থ্য',NULL,NULL,NULL,'Health'),(835,'Business','Business','ব্যবসায়',NULL,NULL,NULL,'Business'),(836,'Stock Market','Stock Market','পুঁজিবাজার',NULL,NULL,NULL,'Stock Market'),(837,'Global Trade','Global Trade','গ্লোবাল ট্রেড',NULL,NULL,NULL,'Global Trade'),(838,'Science & Technology','Science & Technology','বিজ্ঞান প্রযুক্তি',NULL,NULL,NULL,'Science &amp; Technology'),(839,'World Cup','World Cup','বিশ্বকাপ',NULL,NULL,NULL,'World Cup'),(840,'Champions League ','Champions League ','চ্যাম্পিয়নস লিগ ',NULL,NULL,NULL,'Champions League '),(841,'International Cricket','International Cricket','আন্তর্জাতিক ক্রিকেট',NULL,NULL,NULL,'International Cricket'),(842,'Club Cricket','Club Cricket','ক্লাব ক্রিকেট',NULL,NULL,NULL,'Club Cricket'),(843,'World News','World News','বিশ্বের খবর',NULL,NULL,NULL,'World News'),(844,'headline','Headline','শিরোনাম',NULL,NULL,NULL,'Headline'),(845,'news_date','News Date','সংবাদ তারিখ',NULL,NULL,NULL,'News Date'),(846,'uploaded_date','Uploaded Date','আপলোড তারিখ',NULL,NULL,NULL,'Uploaded Date'),(847,'uploaded_by','Uploaded By','আপলোড করেছে',NULL,NULL,NULL,'Uploaded By'),(848,'no_of_viewers','No Of Viewers','দর্শকরা কোন',NULL,NULL,NULL,'No Of Viewers'),(849,'reported_by','Reported By','দ্বারা রিপোর্ট করা',NULL,NULL,NULL,'Reported By'),(850,'total_visitors','Total Visitors','মোট দর্শকরা',NULL,NULL,NULL,'Total Visitors'),(851,'zoom_in','Zoom In','প্রসারিত করো',NULL,NULL,NULL,'Zoom In'),(852,'zoom_out','Zoom Out','ছোট করা',NULL,NULL,NULL,'Zoom Out'),(853,'print','Print','ছাপা',NULL,NULL,NULL,'Print'),(854,'Enviroment','Enviroment','পরিবেশের',NULL,NULL,NULL,'Enviroment'),(855,'Movies','Movies','চলচ্চিত্র',NULL,NULL,NULL,'Movies'),(856,'Mega serial','Mega Serial','মেগা সিরিয়াল',NULL,NULL,NULL,'Mega Serial'),(857,'Drama','Drama','নাটক',NULL,NULL,NULL,'Drama'),(858,'last_updated_history','Last Updated History','সর্বশেষ আপডেট ইতিহাস',NULL,NULL,NULL,'Last Updated History'),(859,'TV','TV','টেলিভিশন',NULL,NULL,NULL,'TV'),(860,'browse_videos','Browse Videos','ভিডিও ব্রাউজ করুন',NULL,NULL,NULL,'浏览视频'),(861,'address1','Address1','ঠিকানা 1',NULL,NULL,NULL,'地址1'),(862,'address2','Address2','ঠিকানা ২',NULL,NULL,NULL,'地址2'),(863,'apply_for_advertisement','Apply For Advertisement','বিজ্ঞাপনের জন্য আবেদন করুন',NULL,NULL,NULL,'申请广告'),(864,'facebook_login','Facebook Login','ফেসবুকে লগইন',NULL,NULL,NULL,'Facebook登入'),(865,'google_login','Google Login','Google লগইন',NULL,NULL,NULL,'Google登录'),(866,'not_a_member_yet','Not A Member Yet','এখনো সদস্য নন',NULL,NULL,NULL,'还不是会员'),(867,'not_a_member_yet','Not A Member Yet','এখনো সদস্য নন',NULL,NULL,NULL,'还不是会员'),(868,'sign_up_now','Sign Up Now','এখন সাইন আপ',NULL,NULL,NULL,'立即注册'),(869,'or','Or','অথবা',NULL,NULL,NULL,'要么'),(870,'click_here_for_social_login','Click Here For Social Login','সামাজিক লগইনের জন্য এখানে ক্লিক করুন',NULL,NULL,NULL,'点击此处进行社交登录'),(871,'forget_your_password','Forget Your Password','আপনার পাসওয়ার্ড ভুলে গেছেন',NULL,NULL,NULL,'忘记密码'),(872,'to','To','থেকে',NULL,NULL,NULL,'至'),(873,'to','To','থেকে',NULL,NULL,NULL,'至'),(874,'to','To','থেকে',NULL,NULL,NULL,'至'),(875,'advertisement','Advertisement','বিজ্ঞাপন',NULL,NULL,NULL,'广告'),(876,'change_video','Change Video','পরিবর্তন ভিডিও',NULL,NULL,NULL,'更改视频'),(877,'back_to_previous_video','Back To Previous Video','পূর্ববর্তী ভিডিওতে ফিরে',NULL,NULL,NULL,'返回上一个视频'),(878,'10','10','10',NULL,NULL,NULL,'10'),(879,'11','11','11',NULL,NULL,NULL,'11'),(880,'12','12','12',NULL,NULL,NULL,'12'),(881,'13','13','13',NULL,NULL,NULL,'13'),(882,'14','14','14',NULL,NULL,NULL,'14'),(883,'15','15','15',NULL,NULL,NULL,'15'),(884,'16','16','16',NULL,NULL,NULL,'16'),(885,'search_that_you_are_looking_for','Search That You Are Looking For','অনুসন্ধান করুন আপনি খুঁজছেন যে',NULL,NULL,NULL,'搜索你正在寻找'),(886,'sub-categories','Sub-categories','উপ-বিভাগ',NULL,NULL,NULL,'子类别'),(887,'total_viwes','Total Viwes','মোট Viwes',NULL,NULL,NULL,'总视野'),(888,'post_ad','Post Ad','পোস্ট এ্যাড',NULL,NULL,NULL,'发布广告'),(889,'promo_ad','Promo Ad','প্রচারের এ্যাড',NULL,NULL,NULL,'促销广告'),(890,'pending_ads','Pending Ads','মুলতুবি বিজ্ঞাপন',NULL,NULL,NULL,'待处理广告'),(891,'ongoing_ads','Ongoing Ads','চলমান বিজ্ঞাপন',NULL,NULL,NULL,'正在进行的广告'),(892,'ads_settings','Ads Settings','বিজ্ঞাপন সেটিংস',NULL,NULL,NULL,'广告设置'),(893,'ads_payment_settings','Ads Payment Settings','বিজ্ঞাপন পেমেন্ট সেটিং',NULL,NULL,NULL,'广告付款设置'),(894,'manage_post_ad','Manage Post Ad','পোস্ট এ্যাড পরিচালনা',NULL,NULL,NULL,'管理邮政广告'),(895,'select_page','Select Page','পৃষ্ঠা নির্বাচন করুন',NULL,NULL,NULL,'选择页面'),(896,'available_places','Available Places','উপলভ্য স্থান',NULL,NULL,NULL,'Available Places'),(897,'choose_image','Choose Image','চিত্র চয়ন করুন',NULL,NULL,NULL,'Choose Image'),(898,'enter_link','Enter Link','লিংক লিখুন',NULL,NULL,NULL,'Enter Link'),(899,'successfully_posted!','Successfully Posted!','সফলভাবে পোস্ট!',NULL,NULL,NULL,'Successfully Posted!'),(900,'post','Post','পোস্ট',NULL,NULL,NULL,'Post'),(901,'manage_ad_settings','Manage Ad Settings','বিজ্ঞাপন সেটিংস পরিচালনা করুন',NULL,NULL,NULL,'Manage Ad Settings'),(902,'page_wise_ad_settings','Page Wise Ad Settings','পৃষ্ঠা বিজ্ঞ বিজ্ঞাপন সেটিংস',NULL,NULL,NULL,'Page Wise Ad Settings'),(903,'Header Ad 1','Header Ad 1','শিরোলেখ এ্যাড 1',NULL,NULL,NULL,'Header Ad 1'),(904,'position','Position','অবস্থান',NULL,NULL,NULL,'Position'),(905,'Middle Part Of Header','Middle Part Of Header','শিরোলেখ মাঝখানে পার্ট',NULL,NULL,NULL,'Middle Part Of Header'),(906,'page','Page','পৃষ্ঠা',NULL,NULL,NULL,'Page'),(907,'format','Format','বিন্যাস',NULL,NULL,NULL,'Format'),(908,'Banner','Banner','পতাকা',NULL,NULL,NULL,'Banner'),(909,'size','Size','আয়তন',NULL,NULL,NULL,'Size'),(910,'380x62','380x62','380x62',NULL,NULL,NULL,'380x62'),(911,'Header Ad 1_is_enabled!','Header Ad 1 Is Enabled!','শিরোলেখ এ্যাড 1 সক্ষম করা থাকে!',NULL,NULL,NULL,'Header Ad 1 Is Enabled!'),(912,'Header Ad 1_is_disabled!','Header Ad 1 Is Disabled!','শিরোলেখ এ্যাড 1 অক্ষম করা হয়েছে!',NULL,NULL,NULL,'Header Ad 1 Is Disabled!'),(913,'pricing_options','Pricing Options','প্রাইসিং বিকল্প',NULL,NULL,NULL,'Pricing Options'),(914,'time','Time','সময়',NULL,NULL,NULL,'Time'),(915,'in_days','In Days','দিন',NULL,NULL,NULL,'In Days'),(916,'enter time duration','Enter Time Duration','টাইম স্থিতিকাল লিখুন',NULL,NULL,NULL,'Enter Time Duration'),(917,'amount','Amount','পরিমাণ',NULL,NULL,NULL,'Amount'),(918,'enter amount','Enter Amount','পরিমান লিখুন',NULL,NULL,NULL,'Enter Amount'),(919,'add_more','Add More','আরো যোগ করো',NULL,NULL,NULL,'Add More'),(920,'after_top_news','After Top News','শীর্ষ সংবাদ এর পর',NULL,NULL,NULL,'After Top News'),(921,'Home Ad 1','Home Ad 1','হোম এ্যাড 1',NULL,NULL,NULL,'Home Ad 1'),(922,'Bottom Left of Top News','Bottom Left Of Top News','শীর্ষ সংবাদ এর নীচের অংশে বাম',NULL,NULL,NULL,'Bottom Left Of Top News'),(923,'Rectangle Image','Rectangle Image','আয়তক্ষেত্র ভাবমূর্তি',NULL,NULL,NULL,'Rectangle Image'),(924,'421x119','421x119','421x119',NULL,NULL,NULL,'421x119'),(925,'Home Ad 1_is_enabled!','Home Ad 1 Is Enabled!','হোম এ্যাড 1 সক্ষম করা থাকে!',NULL,NULL,NULL,'Home Ad 1 Is Enabled!'),(926,'Home Ad 1_is_disabled!','Home Ad 1 Is Disabled!','হোম এ্যাড 1 অক্ষম করা হয়েছে!',NULL,NULL,NULL,'Home Ad 1 Is Disabled!'),(927,'Home Ad 2','Home Ad 2','হোম এ্যাড 2',NULL,NULL,NULL,'Home Ad 2'),(928,'Bottom Right of Top News','Bottom Right Of Top News','শীর্ষ সংবাদ এর নীচের অংশে ডানদিকে',NULL,NULL,NULL,'Bottom Right Of Top News'),(929,'Home Ad 2_is_enabled!','Home Ad 2 Is Enabled!','হোম এ্যাড 2 সক্ষম করা থাকে!',NULL,NULL,NULL,'Home Ad 2 Is Enabled!'),(930,'Home Ad 2_is_disabled!','Home Ad 2 Is Disabled!','হোম এ্যাড 2 অক্ষম করা হয়েছে!',NULL,NULL,NULL,'Home Ad 2 Is Disabled!'),(931,'Home Ad 3','Home Ad 3','হোম এ্যাড 3',NULL,NULL,NULL,'Home Ad 3'),(932,'Bottom Left Of Sliding News','Bottom Left Of Sliding News','সহচরী সংবাদ নীচের অংশে বাম',NULL,NULL,NULL,'Bottom Left Of Sliding News'),(933,'Home Ad 3_is_enabled!','Home Ad 3 Is Enabled!','হোম এ্যাড 3 সক্ষম করা থাকে!',NULL,NULL,NULL,'Home Ad 3 Is Enabled!'),(934,'Home Ad 3_is_disabled!','Home Ad 3 Is Disabled!','হোম এ্যাড 3 অক্ষম করা হয়েছে!',NULL,NULL,NULL,'Home Ad 3 Is Disabled!'),(935,'Home Ad 4','Home Ad 4','হোম এ্যাড 4',NULL,NULL,NULL,'Home Ad 4'),(936,'Bottom Right Of Sliding News','Bottom Right Of Sliding News','সহচরী সংবাদ নীচের অংশে ডানদিকে',NULL,NULL,NULL,'Bottom Right Of Sliding News'),(937,'Home Ad 4_is_enabled!','Home Ad 4 Is Enabled!','হোম এ্যাড 4 সক্ষম করা থাকে!',NULL,NULL,NULL,'Home Ad 4 Is Enabled!'),(938,'Home Ad 4_is_disabled!','Home Ad 4 Is Disabled!','হোম এ্যাড 4 অক্ষম করা হয়েছে!',NULL,NULL,NULL,'Home Ad 4 Is Disabled!'),(939,'Home Ad 5','Home Ad 5','হোম এ্যাড 5',NULL,NULL,NULL,'Home Ad 5'),(940,'Bottom Left Of Detail News','Bottom Left Of Detail News','বিস্তারিত সংবাদ নীচের অংশে বাম',NULL,NULL,NULL,'Bottom Left Of Detail News'),(941,'Home Ad 5_is_enabled!','Home Ad 5 Is Enabled!','হোম এ্যাড 5 সক্ষম করা থাকে!',NULL,NULL,NULL,'Home Ad 5 Is Enabled!'),(942,'Home Ad 5_is_disabled!','Home Ad 5 Is Disabled!','হোম এ্যাড 5 অক্ষম করা হয়েছে!',NULL,NULL,NULL,'Home Ad 5 Is Disabled!'),(943,'Home Ad 6','Home Ad 6','হোম এ্যাড 6',NULL,NULL,NULL,'Home Ad 6'),(944,'Bottom Middle Of Detail News','Bottom Middle Of Detail News','বিস্তারিত খবর নীচের মাঝখানের',NULL,NULL,NULL,'Bottom Middle Of Detail News'),(945,'Home Ad 6_is_enabled!','Home Ad 6 Is Enabled!','হোম এ্যাড 6 সক্ষম করা থাকে!',NULL,NULL,NULL,'Home Ad 6 Is Enabled!'),(946,'Home Ad 6_is_disabled!','Home Ad 6 Is Disabled!','হোম এ্যাড 6 অক্ষম করা হয়েছে!',NULL,NULL,NULL,'Home Ad 6 Is Disabled!'),(947,'Home Ad 7','Home Ad 7','হোম এ্যাড 7',NULL,NULL,NULL,'Home Ad 7'),(948,'Bottom Right Of Detail News','Bottom Right Of Detail News','বিস্তারিত সংবাদ নীচের অংশে ডানদিকে',NULL,NULL,NULL,'Bottom Right Of Detail News'),(949,'Home Ad 7_is_enabled!','Home Ad 7 Is Enabled!','হোম এ্যাড 7 সক্ষম করা থাকে!',NULL,NULL,NULL,'Home Ad 7 Is Enabled!'),(950,'Home Ad 7_is_disabled!','Home Ad 7 Is Disabled!','হোম এ্যাড 7 অক্ষম করা হয়েছে!',NULL,NULL,NULL,'Home Ad 7 Is Disabled!'),(951,'Home Ad 8','Home Ad 8','হোম এ্যাড 8',NULL,NULL,NULL,'Home Ad 8'),(952,'Bottom Left Of Photo Gallery','Bottom Left Of Photo Gallery','ফটো গ্যালারী নীচের অংশে বাম',NULL,NULL,NULL,'Bottom Left Of Photo Gallery'),(953,'Home Ad 8_is_enabled!','Home Ad 8 Is Enabled!','হোম এ্যাড 8 সক্ষম করা থাকে!',NULL,NULL,NULL,'Home Ad 8 Is Enabled!'),(954,'Home Ad 8_is_disabled!','Home Ad 8 Is Disabled!','হোম এ্যাড 8 অক্ষম করা হয়েছে!',NULL,NULL,NULL,'Home Ad 8 Is Disabled!'),(955,'Home Ad 9','Home Ad 9','হোম এ্যাড 9',NULL,NULL,NULL,'Home Ad 9'),(956,'Bottom Right Of Photo Gallery','Bottom Right Of Photo Gallery','ফটো গ্যালারী নীচের অংশে ডানদিকে',NULL,NULL,NULL,'Bottom Right Of Photo Gallery'),(957,'Home Ad 9_is_enabled!','Home Ad 9 Is Enabled!','হোম এ্যাড 9 সক্ষম করা থাকে!',NULL,NULL,NULL,'Home Ad 9 Is Enabled!'),(958,'Home Ad 9_is_disabled!','Home Ad 9 Is Disabled!','হোম এ্যাড 9 অক্ষম করা হয়েছে!',NULL,NULL,NULL,'Home Ad 9 Is Disabled!'),(959,'Home Ad 10','Home Ad 10','হোম এ্যাড 10',NULL,NULL,NULL,'Home Ad 10'),(960,'Bottom Left Of Special Category News','Bottom Left Of Special Category News','বিশেষ বিভাগ সংবাদ নীচে বাঁদিকের',NULL,NULL,NULL,'Bottom Left Of Special Category News'),(961,'Home Ad 10_is_enabled!','Home Ad 10 Is Enabled!','হোম এ্যাড 10 সক্ষম করা থাকে!',NULL,NULL,NULL,'Home Ad 10 Is Enabled!'),(962,'Home Ad 10_is_disabled!','Home Ad 10 Is Disabled!','হোম এ্যাড 10 অক্ষম করা হয়েছে!',NULL,NULL,NULL,'Home Ad 10 Is Disabled!'),(963,'Home Ad 11','Home Ad 11','হোম এ্যাড 11',NULL,NULL,NULL,'Home Ad 11'),(964,'Bottom Middle Of Special Category News','Bottom Middle Of Special Category News','বিশেষ শ্রেণী নিউজের নীচের মাঝখানের',NULL,NULL,NULL,'Bottom Middle Of Special Category News'),(965,'Home Ad 11_is_enabled!','Home Ad 11 Is Enabled!','হোম এ্যাড 11 সক্ষম করা থাকে!',NULL,NULL,NULL,'Home Ad 11 Is Enabled!'),(966,'Home Ad 11_is_disabled!','Home Ad 11 Is Disabled!','হোম এ্যাড 11 অক্ষম করা হয়েছে!',NULL,NULL,NULL,'Home Ad 11 Is Disabled!'),(967,'Home Ad 12','Home Ad 12','হোম এ্যাড 12',NULL,NULL,NULL,'Home Ad 12'),(968,'Bottom Right Of Special Category News','Bottom Right Of Special Category News','বিশেষ বিভাগ সংবাদ নীচের অংশে ডানদিকে',NULL,NULL,NULL,'Bottom Right Of Special Category News'),(969,'Home Ad 12_is_enabled!','Home Ad 12 Is Enabled!','হোম এ্যাড 12 সক্ষম করা থাকে!',NULL,NULL,NULL,'Home Ad 12 Is Enabled!'),(970,'Home Ad 12_is_disabled!','Home Ad 12 Is Disabled!','হোম এ্যাড 12 অক্ষম করা হয়েছে!',NULL,NULL,NULL,'Home Ad 12 Is Disabled!'),(971,'Home Ad 13','Home Ad 13','হোম এ্যাড 13',NULL,NULL,NULL,'Home Ad 13'),(972,'Bottom Left Of Video Gallery','Bottom Left Of Video Gallery','ভিডিও গ্যালারি নীচের অংশে বাম',NULL,NULL,NULL,'Bottom Left Of Video Gallery'),(973,'Home Ad 13_is_enabled!','Home Ad 13 Is Enabled!','হোম এ্যাড 13 সক্ষম করা থাকে!',NULL,NULL,NULL,'Home Ad 13 Is Enabled!'),(974,'Home Ad 13_is_disabled!','Home Ad 13 Is Disabled!','হোম এ্যাড 13 অক্ষম করা হয়েছে!',NULL,NULL,NULL,'Home Ad 13 Is Disabled!'),(975,'Home Ad 14','Home Ad 14','হোম এ্যাড 14',NULL,NULL,NULL,'Home Ad 14'),(976,'Bottom Right Of Video Gallery','Bottom Right Of Video Gallery','ভিডিও গ্যালারি নীচের অংশে ডানদিকে',NULL,NULL,NULL,'Bottom Right Of Video Gallery'),(977,'Home Ad 14_is_enabled!','Home Ad 14 Is Enabled!','হোম এ্যাড 14 সক্ষম করা থাকে!',NULL,NULL,NULL,'Home Ad 14 Is Enabled!'),(978,'Home Ad 14_is_disabled!','Home Ad 14 Is Disabled!','হোম এ্যাড 14 অক্ষম করা হয়েছে!',NULL,NULL,NULL,'Home Ad 14 Is Disabled!'),(979,'Home Ad 15','Home Ad 15','হোম এ্যাড 15',NULL,NULL,NULL,'Home Ad 15'),(980,'Bottom Left Of Category Wise News','Bottom Left Of Category Wise News','বিষয়শ্রেণীতে বিজ্ঞ সংবাদ নীচে বাঁদিকের',NULL,NULL,NULL,'Bottom Left Of Category Wise News'),(981,'Home Ad 15_is_enabled!','Home Ad 15 Is Enabled!','হোম এ্যাড 15 সক্ষম করা থাকে!',NULL,NULL,NULL,'Home Ad 15 Is Enabled!'),(982,'Home Ad 15_is_disabled!','Home Ad 15 Is Disabled!','হোম এ্যাড 15 অক্ষম করা হয়েছে!',NULL,NULL,NULL,'Home Ad 15 Is Disabled!'),(983,'Home Ad 16','Home Ad 16','হোম এ্যাড 16',NULL,NULL,NULL,'Home Ad 16'),(984,'Bottom Right Of Category Wise News','Bottom Right Of Category Wise News','বিষয়শ্রেণীতে বিজ্ঞ সংবাদ নীচের অংশে ডানদিকে',NULL,NULL,NULL,'Bottom Right Of Category Wise News'),(985,'Home Ad 16_is_enabled!','Home Ad 16 Is Enabled!','হোম এ্যাড 16 সক্ষম করা থাকে!',NULL,NULL,NULL,'Home Ad 16 Is Enabled!'),(986,'Home Ad 16_is_disabled!','Home Ad 16 Is Disabled!','হোম এ্যাড 16 অক্ষম করা হয়েছে!',NULL,NULL,NULL,'Home Ad 16 Is Disabled!'),(987,'News Description Ad 1','News Description Ad 1','সংবাদ বর্ণনা এ্যাড 1',NULL,NULL,NULL,'News Description Ad 1'),(988,'Sidebar of the News Description','Sidebar Of The News Description','খবর বর্ণনা সাইডবার',NULL,NULL,NULL,'Sidebar Of The News Description'),(989,'News Description','News Description','সংবাদ বর্ণনা',NULL,NULL,NULL,'News Description'),(990,'Square Image','Square Image','বর্গাকার চিত্র',NULL,NULL,NULL,'Square Image'),(991,'257x214','257x214','257x214',NULL,NULL,NULL,'257x214'),(992,'News Description Ad 1_is_enabled!','News Description Ad 1 Is Enabled!','সংবাদ বর্ণনা এ্যাড 1 সক্ষম করা থাকে!',NULL,NULL,NULL,'News Description Ad 1 Is Enabled!'),(993,'News Description Ad 1_is_disabled!','News Description Ad 1 Is Disabled!','সংবাদ বর্ণনা এ্যাড 1 অক্ষম করা হয়েছে!',NULL,NULL,NULL,'News Description Ad 1 Is Disabled!'),(994,'News Description Ad 2','News Description Ad 2','সংবাদ বর্ণনা এ্যাড 2',NULL,NULL,NULL,'News Description Ad 2'),(995,'Bottom Left part of the News Description','Bottom Left Part Of The News Description','খবর বর্ণনা নীচে বাঁদিকের পার্ট',NULL,NULL,NULL,'Bottom Left Part Of The News Description'),(996,'News Description Ad 2_is_enabled!','News Description Ad 2 Is Enabled!','সংবাদ বর্ণনা এ্যাড 2 সক্ষম করা থাকে!',NULL,NULL,NULL,'News Description Ad 2 Is Enabled!'),(997,'News Description Ad 2_is_disabled!','News Description Ad 2 Is Disabled!','সংবাদ বর্ণনা এ্যাড 2 অক্ষম করা হয়েছে!',NULL,NULL,NULL,'News Description Ad 2 Is Disabled!'),(998,'News Description Ad 3','News Description Ad 3','সংবাদ বর্ণনা এ্যাড 3',NULL,NULL,NULL,'News Description Ad 3'),(999,'Bottom Right part of the News Description','Bottom Right Part Of The News Description','খবর বর্ণনা নীচের অংশে ডানদিকে পার্ট',NULL,NULL,NULL,'Bottom Right Part Of The News Description'),(1000,'News Description Ad 3_is_enabled!','News Description Ad 3 Is Enabled!','সংবাদ বর্ণনা এ্যাড 3 সক্ষম করা থাকে!',NULL,NULL,NULL,'News Description Ad 3 Is Enabled!'),(1001,'News Description Ad 3_is_disabled!','News Description Ad 3 Is Disabled!','সংবাদ বর্ণনা এ্যাড 3 অক্ষম করা হয়েছে!',NULL,NULL,NULL,'News Description Ad 3 Is Disabled!'),(1002,'News Category Ad 1','News Category Ad 1','সংবাদ ক্যাটাগরি এ্যাড 1',NULL,NULL,NULL,'News Category Ad 1'),(1003,'Sidebar of the News Category','Sidebar Of The News Category','সংবাদ ক্যাটাগরি সাইডবার',NULL,NULL,NULL,'Sidebar Of The News Category'),(1004,'Category News','Category News','বিভাগ সংবাদ',NULL,NULL,NULL,'Category News'),(1005,'News Category Ad 1_is_enabled!','News Category Ad 1 Is Enabled!','সংবাদ ক্যাটাগরি এ্যাড 1 সক্ষম করা থাকে!',NULL,NULL,NULL,'News Category Ad 1 Is Enabled!'),(1006,'News Category Ad 1_is_disabled!','News Category Ad 1 Is Disabled!','সংবাদ ক্যাটাগরি এ্যাড 1 অক্ষম করা হয়েছে!',NULL,NULL,NULL,'News Category Ad 1 Is Disabled!'),(1007,'News Category Ad 2','News Category Ad 2','সংবাদ ক্যাটাগরি এ্যাড 2',NULL,NULL,NULL,'News Category Ad 2'),(1008,'Bottom Left part of the News Category','Bottom Left Part Of The News Category','সংবাদ ক্যাটাগরি নীচে বাঁদিকের পার্ট',NULL,NULL,NULL,'Bottom Left Part Of The News Category'),(1009,'News Category Ad 2_is_enabled!','News Category Ad 2 Is Enabled!','সংবাদ ক্যাটাগরি এ্যাড 2 সক্ষম করা থাকে!',NULL,NULL,NULL,'News Category Ad 2 Is Enabled!'),(1010,'News Category Ad 2_is_disabled!','News Category Ad 2 Is Disabled!','সংবাদ ক্যাটাগরি এ্যাড 2 অক্ষম করা হয়েছে!',NULL,NULL,NULL,'News Category Ad 2 Is Disabled!'),(1011,'News Category Ad 3','News Category Ad 3','সংবাদ ক্যাটাগরি এ্যাড 3',NULL,NULL,NULL,'News Category Ad 3'),(1012,'Bottom Right part of the News Category','Bottom Right Part Of The News Category','সংবাদ ক্যাটাগরি নীচের অংশে ডানদিকে পার্ট',NULL,NULL,NULL,'Bottom Right Part Of The News Category'),(1013,'News Category Ad 3_is_enabled!','News Category Ad 3 Is Enabled!','সংবাদ ক্যাটাগরি এ্যাড 3 সক্ষম করা থাকে!',NULL,NULL,NULL,'News Category Ad 3 Is Enabled!'),(1014,'News Category Ad 3_is_disabled!','News Category Ad 3 Is Disabled!','সংবাদ ক্যাটাগরি এ্যাড 3 অক্ষম করা হয়েছে!',NULL,NULL,NULL,'News Category Ad 3 Is Disabled!'),(1015,'News List Ad 1','News List Ad 1','সংবাদ তালিকা বিজ্ঞাপন 1',NULL,NULL,NULL,'News List Ad 1'),(1016,'Sidebar of the News List','Sidebar Of The News List','সংবাদ তালিকার সাইডবার',NULL,NULL,NULL,'Sidebar Of The News List'),(1017,'News Listing','News Listing','খবর তালিকা',NULL,NULL,NULL,'News Listing'),(1018,'News List Ad 1_is_enabled!','News List Ad 1 Is Enabled!','সংবাদ তালিকা বিজ্ঞাপন 1 সক্ষম করা থাকে!',NULL,NULL,NULL,'News List Ad 1 Is Enabled!'),(1019,'News List Ad 1_is_disabled!','News List Ad 1 Is Disabled!','সংবাদ তালিকা বিজ্ঞাপন 1 অক্ষম করা হয়েছে!',NULL,NULL,NULL,'News List Ad 1 Is Disabled!'),(1020,'News list Ad 2','News List Ad 2','সংবাদ তালিকা বিজ্ঞাপন 2',NULL,NULL,NULL,'News List Ad 2'),(1021,'Bottom Left part of the News List','Bottom Left Part Of The News List','সংবাদ তালিকা নীচের অংশে বাম পার্ট',NULL,NULL,NULL,'Bottom Left Part Of The News List'),(1022,'News list Ad 2_is_enabled!','News List Ad 2 Is Enabled!','সংবাদ তালিকা বিজ্ঞাপন 2 সক্ষম করা থাকে!',NULL,NULL,NULL,'News List Ad 2 Is Enabled!'),(1023,'News list Ad 2_is_disabled!','News List Ad 2 Is Disabled!','সংবাদ তালিকা বিজ্ঞাপন 2 নিষ্ক্রিয় করা হয়েছে!',NULL,NULL,NULL,'News List Ad 2 Is Disabled!'),(1024,'News List Ad 3','News List Ad 3','সংবাদ তালিকা বিজ্ঞাপন 3',NULL,NULL,NULL,'News List Ad 3'),(1025,'Bottom Right part of the News List','Bottom Right Part Of The News List','সংবাদ তালিকা নীচের অংশে ডানদিকে পার্ট',NULL,NULL,NULL,'Bottom Right Part Of The News List'),(1026,'News List Ad 3_is_enabled!','News List Ad 3 Is Enabled!','সংবাদ তালিকা বিজ্ঞাপন 3 সক্ষম করা থাকে!',NULL,NULL,NULL,'News List Ad 3 Is Enabled!'),(1027,'News List Ad 3_is_disabled!','News List Ad 3 Is Disabled!','সংবাদ তালিকা বিজ্ঞাপন 3 নিষ্ক্রিয় করা হয়েছে!',NULL,NULL,NULL,'News List Ad 3 Is Disabled!'),(1028,'Photo Gallery Ad 1','Photo Gallery Ad 1','ফটো গ্যালারি বিজ্ঞাপন 1',NULL,NULL,NULL,'Photo Gallery Ad 1'),(1029,'Sidebar of the Photo Gallery','Sidebar Of The Photo Gallery','ফটো গ্যালারী সাইডবারে',NULL,NULL,NULL,'Sidebar Of The Photo Gallery'),(1030,'Photo Gallery Ad 1_is_enabled!','Photo Gallery Ad 1 Is Enabled!','ফটো গ্যালারি বিজ্ঞাপন 1 সক্ষম করা থাকে!',NULL,NULL,NULL,'Photo Gallery Ad 1 Is Enabled!'),(1031,'Photo Gallery Ad 1_is_disabled!','Photo Gallery Ad 1 Is Disabled!','ফটো গ্যালারি বিজ্ঞাপন 1 অক্ষম করা হয়েছে!',NULL,NULL,NULL,'Photo Gallery Ad 1 Is Disabled!'),(1032,'Photo Gallery Ad 2','Photo Gallery Ad 2','ফটো গ্যালারী এ্যাড 2',NULL,NULL,NULL,'Photo Gallery Ad 2'),(1033,'Bottom Left part of the Photo Gallery Section','Bottom Left Part Of The Photo Gallery Section','ফটো গ্যালারী অনুচ্ছেদ নীচের অংশে বাম পার্ট',NULL,NULL,NULL,'Bottom Left Part Of The Photo Gallery Section'),(1034,'Photo Gallery Ad 2_is_enabled!','Photo Gallery Ad 2 Is Enabled!','ফটো গ্যালারী এ্যাড 2 সক্ষম করা থাকে!',NULL,NULL,NULL,'Photo Gallery Ad 2 Is Enabled!'),(1035,'Photo Gallery Ad 2_is_disabled!','Photo Gallery Ad 2 Is Disabled!','ফটো গ্যালারী এ্যাড 2 নিষ্ক্রিয় করা হয়েছে!',NULL,NULL,NULL,'Photo Gallery Ad 2 Is Disabled!'),(1036,'Photo Gallery Ad 3','Photo Gallery Ad 3','ফটো গ্যালারী এ্যাড 3',NULL,NULL,NULL,'Photo Gallery Ad 3'),(1037,'Bottom Right part of the Photo Gallery Section','Bottom Right Part Of The Photo Gallery Section','ফটো গ্যালারী অনুচ্ছেদ নীচের অংশে ডানদিকে পার্ট',NULL,NULL,NULL,'Bottom Right Part Of The Photo Gallery Section'),(1038,'Photo Gallery Ad 3_is_enabled!','Photo Gallery Ad 3 Is Enabled!','ফটো গ্যালারী এ্যাড 3 সক্ষম করা থাকে!',NULL,NULL,NULL,'Photo Gallery Ad 3 Is Enabled!'),(1039,'Photo Gallery Ad 3_is_disabled!','Photo Gallery Ad 3 Is Disabled!','ফটো গ্যালারী এ্যাড 3 নিষ্ক্রিয় করা হয়েছে!',NULL,NULL,NULL,'Photo Gallery Ad 3 Is Disabled!'),(1040,'Photo Description Ad 1','Photo Description Ad 1','ছবি বর্ণনা এ্যাড 1',NULL,NULL,NULL,'Photo Description Ad 1'),(1041,'Sidebar of the Photo Description','Sidebar Of The Photo Description','ছবি বর্ণনা সাইডবার',NULL,NULL,NULL,'Sidebar Of The Photo Description'),(1042,'Photo Gallery Description','Photo Gallery Description','ফটো গ্যালারি বর্ণনা',NULL,NULL,NULL,'Photo Gallery Description'),(1043,'Photo Description Ad 1_is_enabled!','Photo Description Ad 1 Is Enabled!','ছবি বর্ণনা এ্যাড 1 সক্ষম করা থাকে!',NULL,NULL,NULL,'Photo Description Ad 1 Is Enabled!'),(1044,'Photo Description Ad 1_is_disabled!','Photo Description Ad 1 Is Disabled!','ছবি বর্ণনা এ্যাড 1 অক্ষম করা হয়েছে!',NULL,NULL,NULL,'Photo Description Ad 1 Is Disabled!'),(1045,'Photo Description Ad 2','Photo Description Ad 2','ছবি বর্ণনা এ্যাড 2',NULL,NULL,NULL,'Photo Description Ad 2'),(1046,'Bottom Left part of the Photo Description Section','Bottom Left Part Of The Photo Description Section','ছবি বর্ণনা অনুচ্ছেদ নীচে বাঁদিকের পার্ট',NULL,NULL,NULL,'Bottom Left Part Of The Photo Description Section'),(1047,'Photo Description Ad 2_is_enabled!','Photo Description Ad 2 Is Enabled!','ছবি বর্ণনা এ্যাড 2 সক্ষম করা থাকে!',NULL,NULL,NULL,'Photo Description Ad 2 Is Enabled!'),(1048,'Photo Description Ad 2_is_disabled!','Photo Description Ad 2 Is Disabled!','ছবি বর্ণনা এ্যাড 2 অক্ষম করা হয়েছে!',NULL,NULL,NULL,'Photo Description Ad 2 Is Disabled!'),(1049,'Photo Description Ad 3','Photo Description Ad 3','ছবি বর্ণনা এ্যাড 3',NULL,NULL,NULL,'Photo Description Ad 3'),(1050,'Bottom Right part of the Photo Description Section','Bottom Right Part Of The Photo Description Section','ছবি বর্ণনা অনুচ্ছেদ নীচের অংশে ডানদিকে পার্ট',NULL,NULL,NULL,'Bottom Right Part Of The Photo Description Section'),(1051,'Photo Description Ad 3_is_enabled!','Photo Description Ad 3 Is Enabled!','ছবি বর্ণনা এ্যাড 3 সক্ষম করা থাকে!',NULL,NULL,NULL,'Photo Description Ad 3 Is Enabled!'),(1052,'Photo Description Ad 3_is_disabled!','Photo Description Ad 3 Is Disabled!','ছবি বর্ণনা এ্যাড 3 অক্ষম করা হয়েছে!',NULL,NULL,NULL,'Photo Description Ad 3 Is Disabled!'),(1053,'Video Gallery Ad 1','Video Gallery Ad 1','ভিডিও গ্যালারি এ্যাড 1',NULL,NULL,NULL,'Video Gallery Ad 1'),(1054,'Sidebar of the Video Gallery','Sidebar Of The Video Gallery','ভিডিও গ্যালারীর সাইডবার',NULL,NULL,NULL,'Sidebar Of The Video Gallery'),(1055,'Video Gallery Ad 1_is_enabled!','Video Gallery Ad 1 Is Enabled!','ভিডিও গ্যালারি এ্যাড 1 সক্ষম করা থাকে!',NULL,NULL,NULL,'Video Gallery Ad 1 Is Enabled!'),(1056,'Video Gallery Ad 1_is_disabled!','Video Gallery Ad 1 Is Disabled!','ভিডিও গ্যালারি এ্যাড 1 অক্ষম করা হয়েছে!',NULL,NULL,NULL,'Video Gallery Ad 1 Is Disabled!'),(1057,'Video Gallery Ad 2','Video Gallery Ad 2','ভিডিও গ্যালারি এ্যাড 2',NULL,NULL,NULL,'Video Gallery Ad 2'),(1058,'Bottom Left part of the Video Gallery Section','Bottom Left Part Of The Video Gallery Section','ভিডিও গ্যালারি অধ্যায় নীচের অংশে বাম পার্ট',NULL,NULL,NULL,'Bottom Left Part Of The Video Gallery Section'),(1059,'Video Gallery Ad 2_is_enabled!','Video Gallery Ad 2 Is Enabled!','ভিডিও গ্যালারি এ্যাড 2 সক্ষম করা থাকে!',NULL,NULL,NULL,'Video Gallery Ad 2 Is Enabled!'),(1060,'Video Gallery Ad 2_is_disabled!','Video Gallery Ad 2 Is Disabled!','ভিডিও গ্যালারি এ্যাড 2 নিষ্ক্রিয় করা হয়েছে!',NULL,NULL,NULL,'视频库广告2已禁用！'),(1061,'Video Gallery Ad 3','Video Gallery Ad 3','ভিডিও গ্যালারি এ্যাড 3',NULL,NULL,NULL,'视频库广告3'),(1062,'Bottom Right part of the Video Gallery Section','Bottom Right Part Of The Video Gallery Section','ভিডিও গ্যালারি অধ্যায় নীচের অংশে ডানদিকে পার্ট',NULL,NULL,NULL,'视频库部分的右下部分'),(1063,'Video Gallery Ad 3_is_enabled!','Video Gallery Ad 3 Is Enabled!','ভিডিও গ্যালারি এ্যাড 3 সক্ষম করা থাকে!',NULL,NULL,NULL,'视频库广告3已启用！'),(1064,'Video Gallery Ad 3_is_disabled!','Video Gallery Ad 3 Is Disabled!','ভিডিও গ্যালারি এ্যাড 3 নিষ্ক্রিয় করা হয়েছে!',NULL,NULL,NULL,'视频库广告3已禁用！'),(1065,'Video Description Ad 1','Video Description Ad 1','ভিডিও বিবরণ এ্যাড 1',NULL,NULL,NULL,'视频说明广告1'),(1066,'Sidebar of the Video Description','Sidebar Of The Video Description','ভিডিও বর্ণনা সাইডবার',NULL,NULL,NULL,'视频说明的侧边栏'),(1067,'Video Gallery Description','Video Gallery Description','ভিডিও গ্যালারি বর্ণনা',NULL,NULL,NULL,'视频库说明'),(1068,'Video Description Ad 1_is_enabled!','Video Description Ad 1 Is Enabled!','ভিডিও বিবরণ এ্যাড 1 সক্ষম করা থাকে!',NULL,NULL,NULL,'视频说明广告1已启用！'),(1069,'Video Description Ad 1_is_disabled!','Video Description Ad 1 Is Disabled!','ভিডিও বিবরণ এ্যাড 1 অক্ষম করা হয়েছে!',NULL,NULL,NULL,'视频说明广告1已禁用！'),(1070,'Video Description Ad 2','Video Description Ad 2','ভিডিও বিবরণ এ্যাড 2',NULL,NULL,NULL,'视频说明广告2'),(1071,'Bottom Left part of the Video Description Section','Bottom Left Part Of The Video Description Section','ভিডিও বর্ণনা অনুচ্ছেদ নীচে বাঁদিকের পার্ট',NULL,NULL,NULL,'视频说明部分的左下部分'),(1072,'Video Description Ad 2_is_enabled!','Video Description Ad 2 Is Enabled!','ভিডিও বিবরণ এ্যাড 2 সক্ষম করা থাকে!',NULL,NULL,NULL,'视频说明广告2已启用！'),(1073,'Video Description Ad 2_is_disabled!','Video Description Ad 2 Is Disabled!','ভিডিও বিবরণ এ্যাড 2 অক্ষম করা হয়েছে!',NULL,NULL,NULL,'视频说明广告2已禁用！'),(1074,'Video Description Ad 3','Video Description Ad 3','ভিডিও বিবরণ এ্যাড 3',NULL,NULL,NULL,'视频说明广告3'),(1075,'Bottom Right part of the Video Description Section','Bottom Right Part Of The Video Description Section','ভিডিও বর্ণনা অনুচ্ছেদ নীচের অংশে ডানদিকে পার্ট',NULL,NULL,NULL,'视频说明部分的右下角部分'),(1076,'Video Description Ad 3_is_enabled!','Video Description Ad 3 Is Enabled!','ভিডিও বিবরণ এ্যাড 3 সক্ষম করা থাকে!',NULL,NULL,NULL,'视频说明广告3已启用！'),(1077,'Video Description Ad 3_is_disabled!','Video Description Ad 3 Is Disabled!','ভিডিও বিবরণ এ্যাড 3 অক্ষম করা হয়েছে!',NULL,NULL,NULL,'视频说明广告3已禁用！'),(1078,'All Reporter Ad 1','All Reporter Ad 1','সকল রিপোর্টার এ্যাড 1',NULL,NULL,NULL,'所有记者广告1'),(1079,'Sidebar of the All Reporter','Sidebar Of The All Reporter','সকল রিপোর্টার সাইডবার',NULL,NULL,NULL,'所有记者的侧边栏'),(1080,'All Reporters','All Reporters','সকল রিপোর্টার্স',NULL,NULL,NULL,'所有记者'),(1081,'All Reporter Ad 1_is_enabled!','All Reporter Ad 1 Is Enabled!','সকল রিপোর্টার এ্যাড 1 সক্ষম করা থাকে!',NULL,NULL,NULL,'所有Reporter Ad 1已启用！'),(1082,'All Reporter Ad 1_is_disabled!','All Reporter Ad 1 Is Disabled!','সকল রিপোর্টার এ্যাড 1 অক্ষম করা হয়েছে!',NULL,NULL,NULL,'所有记者广告1已被禁用！'),(1083,'All Reporter Ad 2','All Reporter Ad 2','সকল রিপোর্টার এ্যাড 2',NULL,NULL,NULL,'所有记者广告2'),(1084,'Bottom Left part of the All Reporter Section','Bottom Left Part Of The All Reporter Section','সকল রিপোর্টার অনুচ্ছেদ নীচের অংশে বাম পার্ট',NULL,NULL,NULL,'所有记者部分的左下部分'),(1085,'All Reporter Ad 2_is_enabled!','All Reporter Ad 2 Is Enabled!','সকল রিপোর্টার এ্যাড 2 সক্ষম করা থাকে!',NULL,NULL,NULL,'所有记者广告2已启用！'),(1086,'All Reporter Ad 2_is_disabled!','All Reporter Ad 2 Is Disabled!','সকল রিপোর্টার এ্যাড 2 নিষ্ক্রিয় করা হয়েছে!',NULL,NULL,NULL,'所有记者广告2被禁用！'),(1087,'All Reporter Ad 3','All Reporter Ad 3','সকল রিপোর্টার এ্যাড 3',NULL,NULL,NULL,'所有记者广告3'),(1088,'Bottom Right part of the All Reporter Section','Bottom Right Part Of The All Reporter Section','সকল রিপোর্টার অনুচ্ছেদ নীচের অংশে ডানদিকে পার্ট',NULL,NULL,NULL,'所有记者部分的右下角部分'),(1089,'All Reporter Ad 3_is_enabled!','All Reporter Ad 3 Is Enabled!','সকল রিপোর্টার এ্যাড 3 সক্ষম করা থাকে!',NULL,NULL,NULL,'所有Reporter Ad 3已启用！'),(1090,'All Reporter Ad 3_is_disabled!','All Reporter Ad 3 Is Disabled!','সকল রিপোর্টার এ্যাড 3 নিষ্ক্রিয় করা হয়েছে!',NULL,NULL,NULL,'所有记者广告3已被禁用！'),(1091,'Reporter Description Ad 1','Reporter Description Ad 1','রিপোর্টার বর্ণনা এ্যাড 1',NULL,NULL,NULL,'记者描述广告1'),(1092,'Sidebar of the Reporter Description','Sidebar Of The Reporter Description','এর রিপোর্টার বর্ণনা সাইডবার',NULL,NULL,NULL,'记者描述的边栏'),(1093,'Reporter Details','Reporter Details','রিপোর্টার বিবরণ',NULL,NULL,NULL,'记者详细信息'),(1094,'Reporter Description Ad 1_is_enabled!','Reporter Description Ad 1 Is Enabled!','রিপোর্টার বর্ণনা এ্যাড 1 সক্ষম করা থাকে!',NULL,NULL,NULL,'记者描述广告1已启用！'),(1095,'Reporter Description Ad 1_is_disabled!','Reporter Description Ad 1 Is Disabled!','রিপোর্টার বর্ণনা এ্যাড 1 অক্ষম করা হয়েছে!',NULL,NULL,NULL,'记者描述广告1已被禁用！'),(1096,'Reporter Detail Ad 2','Reporter Detail Ad 2','রিপোর্টার বিস্তারিত এ্যাড 2',NULL,NULL,NULL,'记者详情广告2'),(1097,'Bottom Left part of the Reporter Detail Section','Bottom Left Part Of The Reporter Detail Section','রিপোর্টার বিস্তারিত অনুচ্ছেদ নীচের অংশে বাম পার্ট',NULL,NULL,NULL,'记者细节部分的左下部分'),(1098,'Reporter Detail Ad 2_is_enabled!','Reporter Detail Ad 2 Is Enabled!','রিপোর্টার বিস্তারিত এ্যাড 2 সক্ষম করা থাকে!',NULL,NULL,NULL,'记者详细信息广告2已启用！'),(1099,'Reporter Detail Ad 2_is_disabled!','Reporter Detail Ad 2 Is Disabled!','রিপোর্টার বিস্তারিত এ্যাড 2 অক্ষম করা হয়েছে!',NULL,NULL,NULL,'记者详细信息广告2已禁用！'),(1100,'Reporter Detail Ad 3','Reporter Detail Ad 3','রিপোর্টার বিস্তারিত এ্যাড 3',NULL,NULL,NULL,'记者详情广告3'),(1101,'Bottom Right part of the Reporter Detail Section','Bottom Right Part Of The Reporter Detail Section','রিপোর্টার বিস্তারিত অনুচ্ছেদ নীচের অংশে ডানদিকে পার্ট',NULL,NULL,NULL,'记者详细信息部分的右下角部分'),(1102,'Reporter Detail Ad 3_is_enabled!','Reporter Detail Ad 3 Is Enabled!','রিপোর্টার বিস্তারিত এ্যাড 3 সক্ষম করা থাকে!',NULL,NULL,NULL,'记者详情广告3已启用！'),(1103,'Reporter Detail Ad 3_is_disabled!','Reporter Detail Ad 3 Is Disabled!','রিপোর্টার বিস্তারিত এ্যাড 3 অক্ষম করা হয়েছে!',NULL,NULL,NULL,'记者详情广告3已禁用！'),(1104,'Archive News Ad 1','Archive News Ad 1','সংরক্ষাণাগার সংবাদ এ্যাড 1',NULL,NULL,NULL,'档案新闻广告1'),(1105,'Sidebar of the Archive News','Sidebar Of The Archive News','সংরক্ষাণাগার নিউজের সাইডবার',NULL,NULL,NULL,'档案新闻的侧边栏'),(1106,'Archive News','Archive News','সংরক্ষাণাগার সংবাদ',NULL,NULL,NULL,'档案新闻'),(1107,'Archive News Ad 1_is_enabled!','Archive News Ad 1 Is Enabled!','সংরক্ষাণাগার সংবাদ এ্যাড 1 সক্ষম করা থাকে!',NULL,NULL,NULL,'存档新闻广告1已启用！'),(1108,'Archive News Ad 1_is_disabled!','Archive News Ad 1 Is Disabled!','সংরক্ষাণাগার সংবাদ এ্যাড 1 অক্ষম করা হয়েছে!',NULL,NULL,NULL,'新闻广告1已禁用！'),(1109,'Archive News Ad 2','Archive News Ad 2','সংরক্ষাণাগার সংবাদ এ্যাড 2',NULL,NULL,NULL,'档案新闻广告2'),(1110,'Bottom Left part of the Archive News Section','Bottom Left Part Of The Archive News Section','সংরক্ষাণাগার সংবাদ অনুচ্ছেদ নীচের অংশে বাম পার্ট',NULL,NULL,NULL,'存档新闻部分的左下部分'),(1111,'Archive News Ad 2_is_enabled!','Archive News Ad 2 Is Enabled!','সংরক্ষাণাগার সংবাদ এ্যাড 2 সক্ষম করা থাকে!',NULL,NULL,NULL,'存档新闻广告2已启用！'),(1112,'Archive News Ad 2_is_disabled!','Archive News Ad 2 Is Disabled!','সংরক্ষাণাগার সংবাদ এ্যাড 2 নিষ্ক্রিয় করা হয়েছে!',NULL,NULL,NULL,'新闻广告2已禁用！'),(1113,'Archive News Ad 3','Archive News Ad 3','সংরক্ষাণাগার সংবাদ এ্যাড 3',NULL,NULL,NULL,'档案新闻广告3'),(1114,'Bottom Right part of the Archive News Section','Bottom Right Part Of The Archive News Section','সংরক্ষাণাগার সংবাদ অনুচ্ছেদ নীচের অংশে ডানদিকে পার্ট',NULL,NULL,NULL,'存档新闻部分的右下部分'),(1115,'Archive News Ad 3_is_enabled!','Archive News Ad 3 Is Enabled!','সংরক্ষাণাগার সংবাদ এ্যাড 3 সক্ষম করা থাকে!',NULL,NULL,NULL,'存档新闻广告3已启用！'),(1116,'Archive News Ad 3_is_disabled!','Archive News Ad 3 Is Disabled!','সংরক্ষাণাগার সংবাদ এ্যাড 3 নিষ্ক্রিয় করা হয়েছে!',NULL,NULL,NULL,'新闻广告3已禁用！'),(1117,'choose_page_&_placement','Choose Page & Placement','পৃষ্ঠা &amp; প্লেসমেন্ট চয়ন করুন',NULL,NULL,NULL,'选择页面和展示位置'),(1118,'advertisement_options','Advertisement Options','বিজ্ঞাপন বিকল্প',NULL,NULL,NULL,'广告选项'),(1119,'payment_options','Payment Options','পেমেন্ট বিকল্পগুলি',NULL,NULL,NULL,'付款方式'),(1120,'next','Next','পরবর্তী',NULL,NULL,NULL,'下一个'),(1121,'previous','Previous','আগে',NULL,NULL,NULL,'以前'),(1122,'selected','Selected','নির্বাচিত',NULL,NULL,NULL,'选'),(1123,'preview_theme_color','Preview Theme Color','পূর্বরূপ থিম রঙ',NULL,NULL,NULL,'预览主题颜色'),(1124,'What is poll?','What Is Poll?','ভোট কি?',NULL,NULL,NULL,'什么是投票？'),(1125,'No Opinion','No Opinion','কোন মতামত নেই',NULL,NULL,NULL,'没有意见');
INSERT INTO `language` VALUES (1126,'total_views','Total Views','মোট দেখেছে',NULL,NULL,NULL,'总浏览'),(1127,'apply_for_advertise','Apply For Advertise','প্রয়োগ জন্য বিজ্ঞাপন',NULL,NULL,NULL,'申请广告'),(1128,'terms_conditions','Terms Conditions','শর্তাবলী',NULL,NULL,NULL,'条款条件'),(1129,'twitter','Twitter',NULL,NULL,NULL,NULL,'推特'),(1130,'category_/_subcategory','Category / Subcategory',NULL,NULL,NULL,NULL,'类别/子类别'),(1131,'visitor','Visitor',NULL,NULL,NULL,NULL,'游客'),(1132,'uploaded','Uploaded',NULL,NULL,NULL,NULL,'上传'),(1133,'published','Published',NULL,NULL,NULL,NULL,'发布时间'),(1134,'updated','Updated',NULL,NULL,NULL,NULL,'更新'),(1135,'number_of_place','Number Of Place',NULL,NULL,NULL,NULL,'数量的地方'),(1136,'available_space','Available Space',NULL,NULL,NULL,NULL,'可用空间'),(1137,'manage_ads_payment_settings','Manage Ads Payment Settings',NULL,NULL,NULL,NULL,'管理广告付款设置'),(1138,'payment_gateway_activation','Payment Gateway Activation',NULL,NULL,NULL,NULL,'支付网关激活'),(1139,'paypal','Paypal',NULL,NULL,NULL,NULL,'贝宝'),(1140,'paypal_payment_enabled','Paypal Payment Enabled',NULL,NULL,NULL,NULL,'贝宝付款已启用'),(1141,'paypal_payment_disabled','Paypal Payment Disabled',NULL,NULL,NULL,NULL,'贝宝付款已禁用'),(1142,'stripe','Stripe',NULL,NULL,NULL,NULL,'条纹'),(1143,'stripe_payment_enabled','Stripe Payment Enabled',NULL,NULL,NULL,NULL,'条纹付款已启用'),(1144,'stripe_payment_disabled','Stripe Payment Disabled',NULL,NULL,NULL,NULL,'条纹付款已禁用'),(1145,'twocheckout','Twocheckout',NULL,NULL,NULL,NULL,'Twocheckout'),(1146,'twocheckout_payment_enabled','Twocheckout Payment Enabled',NULL,NULL,NULL,NULL,'Twocheckout付款已启用'),(1147,'twocheckout_payment_disabled','Twocheckout Payment Disabled',NULL,NULL,NULL,NULL,'Twocheckout付款已禁用'),(1148,'voguePay','VoguePay',NULL,NULL,NULL,NULL,'VoguePay'),(1149,'voguePay_payment_enabled','VoguePay Payment Enabled',NULL,NULL,NULL,NULL,'启用VoguePay付款'),(1150,'voguePay_payment_disabled','VoguePay Payment Disabled',NULL,NULL,NULL,NULL,'VoguePay付款已禁用'),(1151,'cash','Cash',NULL,NULL,NULL,NULL,'现金'),(1152,'cash_payment_enabled','Cash Payment Enabled',NULL,NULL,NULL,NULL,'现金付款已启用'),(1153,'cash_payment_disabled','Cash Payment Disabled',NULL,NULL,NULL,NULL,'现金付款被禁用'),(1154,'payment_gateway_settings','Payment Gateway Settings',NULL,NULL,NULL,NULL,'支付网关设置'),(1155,'paypal_settings','Paypal Settings',NULL,NULL,NULL,NULL,'贝宝设置'),(1156,'account_type','Account Type',NULL,NULL,NULL,NULL,'帐户类型'),(1157,'stripe_settings','Stripe Settings',NULL,NULL,NULL,NULL,'条纹设置'),(1158,'secret_key','Secret Key',NULL,NULL,NULL,NULL,'密钥'),(1159,'publishable_key','Publishable Key',NULL,NULL,NULL,NULL,'可发布的关键'),(1160,'twocheckout_settings','Twocheckout Settings',NULL,NULL,NULL,NULL,'Twocheckout设置'),(1161,'user_id','User Id',NULL,NULL,NULL,NULL,'用户名'),(1162,'voguePay_settings','VoguePay Settings',NULL,NULL,NULL,NULL,'VoguePay设置'),(1163,'merchant_id','Merchant Id',NULL,NULL,NULL,NULL,'商家ID'),(1164,'visit_page','Visit Page',NULL,NULL,NULL,NULL,'访问页面'),(1165,'occupied_space','Occupied Space',NULL,NULL,NULL,NULL,'占领空间'),(1166,'choose_position','Choose Position',NULL,NULL,NULL,NULL,'选择职位'),(1167,'option','Option',NULL,NULL,NULL,NULL,'选项'),(1168,'this_positions_are_available_for_advertise','This Positions Are Available For Advertise',NULL,NULL,NULL,NULL,'这个职位可用于广告'),(1169,'this_positions_are_available_for_booking_request','This Positions Are Available For Booking Request',NULL,NULL,NULL,NULL,'此职位可用于预订申请'),(1170,'choose_a_position_first','Choose A Position First',NULL,NULL,NULL,NULL,'先选择一个职位'),(1171,'choose_a_position_and_click_again','Choose A Position And Click Again',NULL,NULL,NULL,NULL,'选择一个位置并再次点击'),(1172,'category_news_report','Category News Report',NULL,NULL,NULL,NULL,'类别新闻报道'),(1173,'breaking_news','Breaking News',NULL,NULL,NULL,NULL,'爆炸新闻'),(1174,'not_published_yet','Not Published Yet',NULL,NULL,NULL,NULL,'尚未发布'),(1175,'added_to_breaking_news','Added To Breaking News',NULL,NULL,NULL,NULL,'添加到突发新闻'),(1176,'removed_from_breaking_news','Removed From Breaking News',NULL,NULL,NULL,NULL,'从重大新闻中删除'),(1177,'info','Info',NULL,NULL,NULL,NULL,'信息'),(1178,'Right Part Of Header','Right Part Of Header','শিরোনামের ডান অংশ',NULL,NULL,NULL,'标题的右侧部分'),(1179,'preview_top_news_style','Preview Top News Style',NULL,NULL,NULL,NULL,'预览顶级新闻风格'),(1180,'preview_video_gallery_style','Preview Video Gallery Style',NULL,NULL,NULL,NULL,'预览视频库样式'),(1181,'preview_home_category__style','Preview Home Category  Style',NULL,NULL,NULL,NULL,'预览首页分类风格'),(1182,'news_information','News Information',NULL,NULL,NULL,NULL,'新闻信息'),(1183,'move_to_archive_news','Move To Archive News',NULL,NULL,NULL,NULL,'移动到存档新闻'),(1184,'delete_news','Delete News',NULL,NULL,NULL,NULL,'删除新闻'),(1185,'view_news','View News',NULL,NULL,NULL,NULL,'查看新闻'),(1186,'publish_status','Publish Status',NULL,NULL,NULL,NULL,'发布状态'),(1187,'visitors','Visitors',NULL,NULL,NULL,NULL,'游客'),(1188,'manage_audio','Manage Audio',NULL,NULL,NULL,NULL,'管理音频'),(1189,'add_audio','Add Audio',NULL,NULL,NULL,NULL,'添加音频'),(1190,'create_audio','Create Audio',NULL,NULL,NULL,NULL,'创建音频'),(1191,'back_to_audio_list','Back To Audio List',NULL,NULL,NULL,NULL,'返回音频列表'),(1192,'edit_audio','Edit Audio',NULL,NULL,NULL,NULL,'编辑音频'),(1193,'back_to_list','Back To List',NULL,NULL,NULL,NULL,'返回目录'),(1194,'Uploaded date','Uploaded Date',NULL,NULL,NULL,NULL,'已上传日期'),(1195,'Uploaded by','Uploaded By',NULL,NULL,NULL,NULL,'已上传'),(1196,'archive_history','Archive History',NULL,NULL,NULL,NULL,'档案历史'),(1197,'apply','Apply','প্রয়োগ',NULL,NULL,NULL,'应用'),(1198,'option-','Option-',NULL,NULL,NULL,NULL,'选项-'),(1199,'spot_detail','Spot Detail','স্পট বিশদ',NULL,NULL,NULL,'现货细节'),(1200,'adverisement_information','Adverisement Information','বিজ্ঞাপনের তথ্য',NULL,NULL,NULL,'广告信息'),(1201,'payment_option','Payment Option',NULL,NULL,NULL,NULL,'付款选项'),(1202,'payment_getway','Payment Getway','পেমেন্ট গেটওয়ে',NULL,NULL,NULL,'付款Getway'),(1203,'choose_package','Choose Package',NULL,NULL,NULL,NULL,'选择包'),(1204,'upload_advertisement','Upload Advertisement',NULL,NULL,NULL,NULL,'上传广告'),(1205,'your_card_details_verified!','Your Card Details Verified!',NULL,NULL,NULL,NULL,'您的卡片信息已验证！'),(1206,'pay_with_stripe','Pay With Stripe',NULL,NULL,NULL,NULL,'支付与条纹'),(1207,'redirect_url','Redirect Url',NULL,NULL,NULL,NULL,'重定向网址'),(1208,'advertisement_info','Advertisement Info',NULL,NULL,NULL,NULL,'广告信息'),(1209,'total_posted_ads','Total Posted Ads',NULL,NULL,NULL,NULL,'总发布的广告'),(1210,'advertisement_information','Advertisement Information','বিজ্ঞাপনের তথ্য',NULL,NULL,NULL,'广告信息'),(1211,'advertisement_list','Advertisement List',NULL,NULL,NULL,NULL,'广告列表'),(1212,'package_details','Package Details',NULL,NULL,NULL,NULL,'包详细信息'),(1213,'payment_status','Payment Status','লেনদেনের অবস্থা',NULL,NULL,NULL,'支付状态'),(1214,'ad_list','Ad List',NULL,NULL,NULL,NULL,'广告列表'),(1215,'manage_ads','Manage Ads',NULL,NULL,NULL,NULL,'管理广告'),(1216,'booked','Booked',NULL,NULL,NULL,NULL,'预订'),(1217,'available','Available',NULL,NULL,NULL,NULL,'可得到'),(1218,'manage_advertisement_payments','Manage Advertisement Payments',NULL,NULL,NULL,NULL,'管理广告支付'),(1219,'user_name','User Name',NULL,NULL,NULL,NULL,'用户名'),(1220,'payment_method','Payment Method','মূল্যপরিশোধ পদ্ধতি',NULL,NULL,NULL,'付款方法'),(1221,'approval','Approval',NULL,NULL,NULL,NULL,'赞同'),(1222,'Header Ad 1_is_approved!','Header Ad 1 Is Approved!',NULL,NULL,NULL,NULL,'标题广告1已被批准！'),(1223,'Header Ad 1_is_postponed!','Header Ad 1 Is Postponed!',NULL,NULL,NULL,NULL,'标题广告1被推迟！'),(1224,'view_payment_details','View Payment Details',NULL,NULL,NULL,NULL,'查看付款详情'),(1225,'confirm_payment','Confirm Payment',NULL,NULL,NULL,NULL,'确认付款'),(1226,'payment_datetime','Payment Datetime',NULL,NULL,NULL,NULL,'付款日期时间'),(1227,'package_time_duration','Package Time Duration',NULL,NULL,NULL,NULL,'包时间持续时间'),(1228,'payment_type','Payment Type',NULL,NULL,NULL,NULL,'付款方式'),(1229,'details','Details',NULL,NULL,NULL,NULL,'细节'),(1230,'purchase_datetime','Purchase Datetime',NULL,NULL,NULL,NULL,'购买日期时间'),(1231,'check_details','Check Details',NULL,NULL,NULL,NULL,'检查详情'),(1232,'ad_payment_list','Ad Payment List',NULL,NULL,NULL,NULL,'广告付款清单'),(1233,'manage_ad_payment_settings','Manage Ad Payment Settings',NULL,NULL,NULL,NULL,'管理广告支付设置'),(1234,'news_serial','News Serial',' নিউজ সিরিয়াল',NULL,NULL,NULL,'新闻连载'),(1235,'manage_news_serial','Manage News Serial',' নিউজ সিরিয়াল পরিচালনা করুন',NULL,NULL,NULL,'管理新闻序列'),(1236,'information','Information',NULL,NULL,NULL,NULL,'信息'),(1237,'set_default_image','Set Default Image',NULL,NULL,NULL,NULL,'设置默认图像'),(1238,'subscription_package','Subscription Package',' সাবস্ক্রিপশন প্যাকেজ',NULL,NULL,NULL,'订阅套餐'),(1239,'package_name','Package Name',NULL,NULL,NULL,NULL,'包裹名字'),(1240,'weekly_package','Weekly Package',' সাপ্তাহিক প্যাকেজ',NULL,NULL,NULL,'每周套餐'),(1241,'package_price','Package Price',NULL,NULL,NULL,NULL,'套餐价格'),(1242,'choose_package_seal','Choose Package Seal',NULL,NULL,NULL,NULL,'选择包装印章'),(1243,'package_seal','Package Seal',NULL,NULL,NULL,NULL,'包装密封'),(1244,'choose_seal','Choose Seal',NULL,NULL,NULL,NULL,'选择密封'),(1245,'monthly_package','Monthly Package',' মাসিক প্যাকেজ',NULL,NULL,NULL,'每月套餐'),(1246,'half_yearly_package','Half Yearly Package',NULL,NULL,NULL,NULL,'半年包裹'),(1247,'yearly_package','Yearly Package',NULL,NULL,NULL,NULL,'每年套餐'),(1248,'1_week','1 Week',' 1 সপ্তাহ',NULL,NULL,NULL,'1周'),(1249,'1_month','1 Month',NULL,NULL,NULL,NULL,'1个月'),(1250,'6_month','6 Month','6 মাস',NULL,NULL,NULL,'6个月'),(1251,'1_year','1 Year',NULL,NULL,NULL,NULL,'1年'),(1252,'packages','Packages','প্যাকেজগুলি',NULL,NULL,NULL,'包'),(1253,'payments_options','Payments Options',NULL,NULL,NULL,NULL,'付款选项'),(1254,'pay','Pay',NULL,NULL,NULL,NULL,'工资'),(1255,'ads_list','Ads List','বিজ্ঞাপনের তালিকা',NULL,NULL,NULL,'广告列表'),(1256,'read_later_list','Read Later List','পরে তালিকা পড়ুন',NULL,NULL,NULL,'稍后阅读列表'),(1257,'booked!','Booked!',NULL,NULL,NULL,NULL,'预订！'),(1258,'activate','Activate',NULL,NULL,NULL,NULL,'启用'),(1259,'activated','Activated',NULL,NULL,NULL,NULL,'活性'),(1260,'deactivated!','Deactivated!',NULL,NULL,NULL,NULL,'停用！'),(1261,'available_packages','Available Packages',NULL,NULL,NULL,NULL,'可用包'),(1262,'choose_background_theme','Choose Background Theme',NULL,NULL,NULL,NULL,'选择背景主题'),(1263,'breaking_news_serial_saved!','Breaking News Serial Saved!',' ব্রেকিং নিউজ সিরিয়াল রক্ষা!',NULL,NULL,NULL,'突发新闻串口保存！'),(1264,'Top News_serial_saved!','Top News Serial Saved!','শীর্ষ সংবাদ সিরিয়াল সংরক্ষণ!',NULL,NULL,NULL,'热门新闻串口保存！'),(1265,'Top Sliding News_serial_saved!','Top Sliding News Serial Saved!',' শীর্ষ স্লাইডিং নিউজ সিরিয়াল সংরক্ষিত!',NULL,NULL,NULL,'顶部滑动新闻串行保存！'),(1266,'Detail News_serial_saved!','Detail News Serial Saved!','বিস্তারিত সংবাদ সিরিয়াল সংরক্ষিত!',NULL,NULL,NULL,'详情新闻串口保存！'),(1267,'None_serial_saved!','None Serial Saved!','সিরিয়াল কেউই সংরক্ষণ করেনি!',NULL,NULL,NULL,'无串行保存！'),(1268,'Details News_serial_saved!','Details News Serial Saved!','বিস্তারিত সংবাদ সিরিয়াল সংরক্ষণ!',NULL,NULL,NULL,'详情新闻串口保存！'),(1269,'adverisement_packages','Adverisement Packages',NULL,NULL,NULL,NULL,'广告软件包'),(1270,'seal','Seal',NULL,NULL,NULL,NULL,'密封'),(1271,'Edits History','Edits History',NULL,NULL,NULL,NULL,'编辑历史'),(1272,'successfully_published','Successfully Published',NULL,NULL,NULL,NULL,'成功发布'),(1273,'successfully_unpublished','Successfully Unpublished',NULL,NULL,NULL,NULL,'已成功取消发布'),(1274,'update_unsuccessful!','Update Unsuccessful!',NULL,NULL,NULL,NULL,'更新失败！'),(1275,'updated_successfully!','Updated Successfully!',NULL,NULL,NULL,NULL,'更新成功！'),(1276,'validity','Validity',NULL,NULL,NULL,NULL,'合法性'),(1277,'expired','Expired',NULL,NULL,NULL,NULL,'过期'),(1278,'total_live_news','Total Live News',NULL,NULL,NULL,NULL,'总的现场新闻'),(1279,'total_archived_news','Total Archived News',NULL,NULL,NULL,NULL,'总归档新闻'),(1280,'not_updated_yet','Not Updated Yet',NULL,NULL,NULL,NULL,'尚未更新'),(1281,'unpublished_news','Unpublished News',NULL,NULL,NULL,NULL,'未发布的新闻'),(1282,'unpublished_archived_news','Unpublished Archived News',NULL,NULL,NULL,NULL,'未发布的存档新闻'),(1283,'total_advertisements','Total Advertisements',NULL,NULL,NULL,NULL,'广告总量'),(1284,'unrented_advertisements','Unrented Advertisements',NULL,NULL,NULL,NULL,'未加管制的广告'),(1285,'total_media_uploads','Total Media Uploads','মোট মিডিয়া আপলোড',NULL,NULL,NULL,'全部媒体上传'),(1286,'unpublished_media_uploads','Unpublished Media Uploads','অপ্রকাশিত মিডিয়া আপলোড',NULL,NULL,NULL,'未发布的媒体上传'),(1287,'your_email_address','Your Email Address',NULL,NULL,NULL,NULL,'您的电子邮件地址'),(1288,'permissions','Permissions',NULL,NULL,NULL,NULL,'权限'),(1289,'no_packages!','No Packages!',NULL,NULL,NULL,NULL,'无包裹！'),(1290,'Modification is disabled in demo!','Modification Is Disabled In Demo!',NULL,NULL,NULL,NULL,'在演示中禁用修改！'),(1291,'subscription','Subscription','চাঁদা',NULL,NULL,NULL,'订阅'),(1292,'edit_subscription','Edit Subscription','সাবস্ক্রিপশন সম্পাদনা করুন',NULL,NULL,NULL,'编辑订阅'),(1293,'back_to_subscription_list','Back To Subscription List','সাবস্ক্রিপশন তালিকায় ফিরে যান',NULL,NULL,NULL,'返回订阅列表'),(1294,'premium_post_packages','Premium Post Packages',NULL,NULL,NULL,NULL,'高级邮政套餐'),(1295,'pay_for_post','Pay For Post',NULL,NULL,NULL,NULL,'为邮寄付款'),(1296,'blog_category','Blog Category',NULL,NULL,NULL,NULL,'博客类别'),(1297,'blog_sub-category','Blog Sub-category',NULL,NULL,NULL,NULL,'博客子类别'),(1298,'blogs','Blogs',NULL,NULL,NULL,NULL,'博客'),(1299,'blog_gallery','Blog Gallery',NULL,NULL,NULL,NULL,'博客画廊'),(1300,'blog_videos','Blog Videos',NULL,NULL,NULL,NULL,'博客视频'),(1301,'manage_blog_categories','Manage Blog Categories',NULL,NULL,NULL,NULL,'管理博客类别'),(1302,'add_blog_category','Add Blog Category',NULL,NULL,NULL,NULL,'添加博客类别'),(1303,'create_blog_category','Create Blog Category',NULL,NULL,NULL,NULL,'创建博客类别'),(1304,'blog_category_name','Blog Category Name',NULL,NULL,NULL,NULL,'博客类别名称'),(1305,'edit_blog_category','Edit Blog Category',NULL,NULL,NULL,NULL,'编辑博客类别'),(1306,'manage_blog_sub_categories','Manage Blog Sub Categories',NULL,NULL,NULL,NULL,'管理博客子类别'),(1307,'create_blog_sub_category','Create Blog Sub Category',NULL,NULL,NULL,NULL,'创建博客子类别'),(1308,'blog_sub-category_name','Blog Sub-category Name',NULL,NULL,NULL,NULL,'博客子类别名称'),(1309,'blog_sub_category','Blog Sub Category',NULL,NULL,NULL,NULL,'博客子类别'),(1310,'manage_blog_photo_gallery','Manage Blog Photo Gallery',NULL,NULL,NULL,NULL,'管理博客照片库'),(1311,'back_to_blog_photo_list','Back To Blog Photo List','ব্লগ ফটো তালিকায় ফিরে যান',NULL,NULL,NULL,'返回博客照片列表'),(1312,'manage_blog_video_gallery','Manage Blog Video Gallery',NULL,NULL,NULL,NULL,'管理博客视频库'),(1313,'manage_blogs','Manage Blogs',NULL,NULL,NULL,NULL,'管理博客'),(1314,'add_blog','Add Blog',NULL,NULL,NULL,NULL,'添加博客'),(1315,'create_blog','Create Blog',NULL,NULL,NULL,NULL,'创建博客'),(1316,'back_to_blogs_list','Back To Blogs List','ব্লগ তালিকায় ফিরে যান',NULL,NULL,NULL,'返回博客列表'),(1317,'blog_speciality','Blog Speciality',NULL,NULL,NULL,NULL,'博客专业'),(1318,'blog_published','Blog Published',NULL,NULL,NULL,NULL,'已发布博客'),(1319,'blog_unpublished','Blog Unpublished',NULL,NULL,NULL,NULL,'博客未发布'),(1320,'blog_view','Blog View',NULL,NULL,NULL,NULL,'博客视图'),(1321,'blog_information','Blog Information',NULL,NULL,NULL,NULL,'博客信息'),(1322,'view_blog','View Blog',NULL,NULL,NULL,NULL,'查看博客'),(1323,'edit_blog','Edit Blog',NULL,NULL,NULL,NULL,'编辑博客'),(1324,'delete_blog','Delete Blog',NULL,NULL,NULL,NULL,'删除博客'),(1325,'blog_date','Blog Date',NULL,NULL,NULL,NULL,'博客日期'),(1326,'blogger','Blogger',NULL,NULL,NULL,NULL,'博客'),(1327,'my_blog_profile','My Blog Profile',' আমার ব্লগ প্রোফাইল',NULL,NULL,NULL,'我的博客简介'),(1328,'blog_profile','Blog Profile','ব্লগ প্রোফাইল',NULL,NULL,NULL,'博客简介'),(1329,'basic_info','Basic Info',NULL,NULL,NULL,NULL,'基本信息'),(1330,'sub-category','Sub-category',NULL,NULL,NULL,NULL,'子类别'),(1331,'submit_unsuccessful!','Submit Unsuccessful!',NULL,NULL,NULL,NULL,'提交失败！'),(1332,'submitted_successfully!','Submitted Successfully!',NULL,NULL,NULL,NULL,'成功提交！'),(1333,'wrong_old_password!','Wrong Old Password!',NULL,NULL,NULL,NULL,'错误的旧密码！'),(1334,'total_blog','Total Blog',NULL,NULL,NULL,NULL,'总博客'),(1335,'total_visitor','Total Visitor',NULL,NULL,NULL,NULL,'总访问者'),(1336,'total_like','Total Like',NULL,NULL,NULL,NULL,'总喜欢'),(1337,'images','Images','চিত্র',NULL,NULL,NULL,'图片'),(1338,'videos','Videos',NULL,NULL,NULL,NULL,'影片'),(1339,'total_images','Total Images',' মোট চিত্র',NULL,NULL,NULL,'总图像'),(1340,'total_videos','Total Videos',NULL,NULL,NULL,NULL,'总视频'),(1341,'main_image','Main Image',NULL,NULL,NULL,NULL,'主要图像'),(1342,'package_information','Package Information',NULL,NULL,NULL,NULL,'包装信息'),(1343,'blog_post_amount','Blog Post Amount','ব্লগ পোস্ট পরিমাণ',NULL,NULL,NULL,'博客帖子数量'),(1344,'blog_image_post_amount','Blog Image Post Amount','ব্লগ ইমেজ পোস্ট পরিমাণ',NULL,NULL,NULL,'博客图片发布金额'),(1345,'blog_video_post_amount','Blog Video Post Amount','ব্লগ ভিডিও পোস্ট পরিমাণ',NULL,NULL,NULL,'博客视频发布金额'),(1346,'testing_modal','Testing Modal',NULL,NULL,NULL,NULL,'测试模态'),(1347,'confirm_your_post','Confirm Your Post',NULL,NULL,NULL,NULL,'确认你的信息'),(1348,'your_remaining_blog_post_is','Your Remaining Blog Post Is',NULL,NULL,NULL,NULL,'您的剩余博客文章是'),(1349,'n.b._every_blog_post_will_cost_you_1_from_your_remaining_blog_post','N.b. Every Blog Post Will Cost You 1 From Your Remaining Blog Post',NULL,NULL,NULL,NULL,'铌每个博客文章将花费您1从您的剩余博客文章'),(1350,'every_blog_post_will_cost_you_1_from_your_remaining_blog_post','Every Blog Post Will Cost You 1 From Your Remaining Blog Post',NULL,NULL,NULL,NULL,'每篇博客文章都会从您的剩余博客文章中花费1'),(1351,'every_blog_post_will_cost_1_from_your_remaining_blog_post','Every Blog Post Will Cost 1 From Your Remaining Blog Post',NULL,NULL,NULL,NULL,'每篇博客文章将花费您剩余的博客文章1'),(1352,'confirm','Confirm',NULL,NULL,NULL,NULL,'确认'),(1353,'you_have_no_remaining_blog_post._please_purchase_package_from_premium_post_package','You Have No Remaining Blog Post. Please Purchase Package From Premium Post Package',NULL,NULL,NULL,NULL,'你没有剩余的博客文章。请从高级邮政套餐购买套餐'),(1354,'premium_post_package','Premium Post Package',NULL,NULL,NULL,NULL,'高级邮政套餐'),(1355,'my_blog_list','My Blog List',' আমার ব্লগ তালিকা',NULL,NULL,NULL,'我的博客列表'),(1356,'my_blogs','My Blogs',NULL,NULL,NULL,NULL,'我的博客'),(1357,'blog_photo_gallery','Blog Photo Gallery',NULL,NULL,NULL,NULL,'博客照片库'),(1358,'blog_video_gallery','Blog Video Gallery',NULL,NULL,NULL,NULL,'博客视频库'),(1359,'blog_title','Blog Title',NULL,NULL,NULL,NULL,'博客标题'),(1360,'hide_status','Hide Status',NULL,NULL,NULL,NULL,'隐藏状态'),(1361,'hide_blog','Hide Blog',NULL,NULL,NULL,NULL,'隐藏博客'),(1362,'successfully_hidden_the_blog','Successfully Hidden The Blog',NULL,NULL,NULL,NULL,'成功隐藏博客'),(1363,'successfully_unhide_the blog','Successfully Unhide The Blog',NULL,NULL,NULL,NULL,'成功取消隐藏博客'),(1364,'i_also_want_to_be_a_blogger','I Also Want To Be A Blogger',NULL,NULL,NULL,NULL,'我也想成为一名Blogger'),(1365,'you_must_agree_with_terms_&_conditions','You Must Agree With Terms & Conditions',NULL,NULL,NULL,NULL,'您必须同意条款和条件'),(1366,'blog_posts','Blog Posts',NULL,NULL,NULL,NULL,'博客文章'),(1367,'all_blogs','All Blogs',NULL,NULL,NULL,NULL,'所有博客'),(1368,'latest_blogs','Latest Blogs',NULL,NULL,NULL,NULL,'最新博客'),(1369,'my_categories','My Categories',NULL,NULL,NULL,NULL,'我的分类'),(1370,'test','Test',NULL,NULL,NULL,NULL,'测试'),(1371,'blog_media','Blog Media','ব্লগ মিডিয়া',NULL,NULL,NULL,'博客媒体'),(1372,'blog_post','Blog Post',NULL,NULL,NULL,NULL,'博客文章'),(1373,'blog_image_post','Blog Image Post',NULL,NULL,NULL,NULL,'博客图片发布'),(1374,'blog_video_post','Blog Video Post',NULL,NULL,NULL,NULL,'博客视频发布'),(1375,'rss','Rss',NULL,NULL,NULL,NULL,'RSS'),(1376,'your_remaining_blog_image_post_is','Your Remaining Blog Image Post Is',NULL,NULL,NULL,NULL,'您的剩余博客图片发布是'),(1377,'every_blog_image_post_will_cost_1_from_your_remaining_blog_image_post','Every Blog Image Post Will Cost 1 From Your Remaining Blog Image Post',NULL,NULL,NULL,NULL,'每个博客图片发布将花费1从您的剩余博客图片发布'),(1378,'permalink','Permalink',NULL,NULL,NULL,NULL,'永久链接'),(1379,'your_remaining_blog_video_post_is','Your Remaining Blog Video Post Is',NULL,NULL,NULL,NULL,'您的剩余博客视频文章是'),(1380,'every_blog_video_post_will_cost_1_from_your_remaining_blog_video_post','Every Blog Video Post Will Cost 1 From Your Remaining Blog Video Post',NULL,NULL,NULL,NULL,'每个博客视频发布将花费1从您的剩余博客视频发布'),(1381,'video_title','Video Title',NULL,NULL,NULL,NULL,'视频标题'),(1382,'blog_edit','Blog Edit',NULL,NULL,NULL,NULL,'博客编辑'),(1383,'blog_image_edit','Blog Image Edit',NULL,NULL,NULL,NULL,'博客图像编辑'),(1384,'blog_video_edit','Blog Video Edit',NULL,NULL,NULL,NULL,'博客视频编辑'),(1385,'successfully_hidden_the_blog_photo','Successfully Hidden The Blog Photo',NULL,NULL,NULL,NULL,'成功隐藏博客照片'),(1386,'successfully_unhide_the blog_photo','Successfully Unhide The Blog Photo',NULL,NULL,NULL,NULL,'成功取消隐藏博客照片'),(1387,'successfully_hidden_the_blog_video','Successfully Hidden The Blog Video',NULL,NULL,NULL,NULL,'成功隐藏博客视频'),(1388,'successfully_unhide_the blog_video','Successfully Unhide The Blog Video',NULL,NULL,NULL,NULL,'成功取消隐藏博客视频'),(1389,'edit_blog_photo','Edit Blog Photo',NULL,NULL,NULL,NULL,'编辑博客照片'),(1390,'edit_blog_video','Edit Blog Video',NULL,NULL,NULL,NULL,'编辑博客视频'),(1391,'you_have_no_remaining_post._please_purchase_package_from_premium_post_package','You Have No Remaining Post. Please Purchase Package From Premium Post Package',NULL,NULL,NULL,NULL,'你没有剩余邮件。请从高级邮政套餐购买套餐'),(1392,'limit','Limit',NULL,NULL,NULL,NULL,'限制'),(1393,'category_blog','Category Blog',NULL,NULL,NULL,NULL,'类别博客'),(1394,'see_all_blog','See All Blog',NULL,NULL,NULL,NULL,'查看所有博客'),(1395,'blog_category_page_updated!','Blog Category Page Updated!',NULL,NULL,NULL,NULL,'博客分类页面已更新！'),(1396,'b','B',NULL,NULL,NULL,NULL,'乙'),(1397,'17','17',NULL,NULL,NULL,NULL,'17'),(1398,'18','18',NULL,NULL,NULL,NULL,'18'),(1399,'19','19',NULL,NULL,NULL,NULL,'19'),(1400,'20','20',NULL,NULL,NULL,NULL,'20'),(1401,'21','21',NULL,NULL,NULL,NULL,'21'),(1402,'22','22',NULL,NULL,NULL,NULL,'22'),(1403,'23','23',NULL,NULL,NULL,NULL,'23'),(1404,'24','24',NULL,NULL,NULL,NULL,'24'),(1405,'25','25',NULL,NULL,NULL,NULL,'25'),(1406,'26','26',NULL,NULL,NULL,NULL,'26'),(1407,'valid','Valid',NULL,NULL,NULL,NULL,'有效'),(1408,'more','More','আরো',NULL,NULL,NULL,'更多'),(1409,'bloggers','Bloggers',NULL,NULL,NULL,NULL,'博客'),(1410,'all_bloggers','All Bloggers',NULL,NULL,NULL,NULL,'所有博主'),(1411,'pay_for_blog_post','Pay For Blog Post',NULL,NULL,NULL,NULL,'支付博客文章'),(1412,'the_blog_is_successfully_hidden','The Blog Is Successfully Hidden',NULL,NULL,NULL,NULL,'博客成功隐藏'),(1413,'successfully_published_the_blog','Successfully Published The Blog',NULL,NULL,NULL,NULL,'成功发布博客'),(1414,'the_blog_photo_is_successfully_hidden','The Blog Photo Is Successfully Hidden',NULL,NULL,NULL,NULL,'博客照片成功隐藏'),(1415,'successfully_published_the_blog_photo','Successfully Published The Blog Photo',NULL,NULL,NULL,NULL,'成功发布博客照片'),(1416,'the_blog_video_is_successfully_hidden','The Blog Video Is Successfully Hidden',NULL,NULL,NULL,NULL,'博客视频成功隐藏'),(1417,'successfully_published_the_blog_video','Successfully Published The Blog Video',NULL,NULL,NULL,NULL,'成功发布博客视频'),(1418,'view_blogs','View Blogs',NULL,NULL,NULL,NULL,'查看博客'),(1419,'view_images','View Images','চিত্র দেখুন',NULL,NULL,NULL,'查看图像'),(1420,'view_videos','View Videos',NULL,NULL,NULL,NULL,'观看视频'),(1421,'most_popular_blogs','Most Popular Blogs',NULL,NULL,NULL,NULL,'最受欢迎的博客'),(1422,'views','Views',NULL,NULL,NULL,NULL,'查看'),(1423,'recent_blogs','Recent Blogs',NULL,NULL,NULL,NULL,'最近的博客'),(1424,'trending_blogs','Trending Blogs',NULL,NULL,NULL,NULL,'趋势博客'),(1425,'latest_blog_photos','Latest Blog Photos',NULL,NULL,NULL,NULL,'最新博客照片'),(1426,'i_want_to_be_a_blogger','I Want To Be A Blogger',NULL,NULL,NULL,NULL,'我想成为一名Blogger'),(1427,'blogger_description','Blogger Description',NULL,NULL,NULL,NULL,'Blogger说明'),(1428,'are_you_sure_to_be_a_blogger?','Are You Sure To Be A Blogger?',NULL,NULL,NULL,NULL,'你确定要成为Blogger吗？'),(1429,'after_beeing_a_blogger_you_can_not_undo_this_action.','After Beeing A Blogger You Can Not Undo This Action.',NULL,NULL,NULL,NULL,'在Beeing Blogger之后，您无法撤销此操作。'),(1430,'posted_photos','Posted Photos',NULL,NULL,NULL,NULL,'张贴的照片'),(1431,'posted_blogs','Posted Blogs',NULL,NULL,NULL,NULL,'张贴的博客'),(1432,'posted_videos','Posted Videos',NULL,NULL,NULL,NULL,'发布视频'),(1433,'cover_picture_saved_successfully!','Cover Picture Saved Successfully!',NULL,NULL,NULL,NULL,'封面图片成功保存！'),(1434,'premium_blog_post_packages','Premium Blog Post Packages',NULL,NULL,NULL,NULL,'高级博客帖子包'),(1435,'premium_blog_packages','Premium Blog Packages',NULL,NULL,NULL,NULL,'高级博客软件包'),(1436,'packages_list','Packages List','প্যাকেজ তালিকা',NULL,NULL,NULL,'软件包列表'),(1437,'purchased_packages','Purchased Packages',NULL,NULL,NULL,NULL,'购买的软件包'),(1438,'payment_details','Payment Details',NULL,NULL,NULL,NULL,'付款详情'),(1439,'packeged_list','Packeged List','প্যাকেজ তালিকা',NULL,NULL,NULL,'打包列表'),(1440,'subscription_payment_list','Subscription Payment List','সাবস্ক্রিপশন প্রদানের তালিকা',NULL,NULL,NULL,'订阅付款清单'),(1441,'manage_subscription_payments','Manage Subscription Payments',' সাবস্ক্রিপশন পেমেন্ট পরিচালনা করুন',NULL,NULL,NULL,'管理订阅付款'),(1442,'OK','OK','',NULL,NULL,NULL,'好'),(1443,'27','27','',NULL,NULL,NULL,'27'),(1444,'28','28','',NULL,NULL,NULL,'28'),(1445,'blogs_social_links','Blogs Social Links','',NULL,NULL,NULL,'博客社交链接'),(1446,'new_message','New Message','',NULL,NULL,NULL,'新消息'),(1447,'AAA','AAA','',NULL,NULL,NULL,'AAA'),(1448,'blogger_categories','Blogger Categories','',NULL,NULL,NULL,'Blogger类别'),(1449,'New Poll???','New Poll???','নতুন ভোট ??',NULL,NULL,NULL,'新民意调查？'),(1450,'Technology','Technology',NULL,NULL,NULL,NULL,'技术'),(1451,'blog_posting','Blog Posting','ব্লগ পোস্টিং',NULL,NULL,NULL,'博客发布'),(1452,'blog_list','Blog List',' ব্লগ তালিকা',NULL,NULL,NULL,'博客列表'),(1453,'premium_packages','Premium Packages',NULL,NULL,NULL,NULL,'高级套餐'),(1454,'post_my_blogs','Post My Blogs',NULL,NULL,NULL,NULL,'发布我的博客'),(1455,'ads_log','Ads Log',NULL,NULL,NULL,NULL,'广告日志'),(1456,'customer','Customer',NULL,NULL,NULL,NULL,'顾客'),(1457,'package','Package','প্যাকেজ',NULL,NULL,NULL,'包'),(1458,'name:_','Name: ',NULL,NULL,NULL,NULL,'名称： '),(1459,'amount:_','Amount: ','পরিমাণ :',NULL,NULL,NULL,'量： '),(1460,'rss_links','Rss Links',NULL,NULL,NULL,NULL,NULL),(1461,'rss_export_links','Rss Export Links',NULL,NULL,NULL,NULL,NULL),(1462,'RSS_settings','RSS Settings',NULL,NULL,NULL,NULL,NULL),(1463,'RSS_export','RSS Export',NULL,NULL,NULL,NULL,NULL),(1464,'payment_settings','Payment Settings',NULL,NULL,NULL,NULL,NULL),(1465,'uploader','Uploader',NULL,NULL,NULL,NULL,NULL),(1466,'maximum_vedio_file_size','Maximum Vedio File Size',NULL,NULL,NULL,NULL,NULL),(1467,'byte','Byte',NULL,NULL,NULL,NULL,NULL),(1468,'bytes','Bytes',NULL,NULL,NULL,NULL,NULL),(1469,'MB','MB',NULL,NULL,NULL,NULL,NULL),(1470,'Purchase Packages For Advertisement Email','Purchase Packages For Advertisement Email',NULL,NULL,NULL,NULL,NULL),(1471,'google_analytics','Google Analytics',NULL,NULL,NULL,NULL,NULL),(1472,'google_analytics_key','Google Analytics Key',NULL,NULL,NULL,NULL,NULL),(1473,'google_nalytics_ctivation','Google Nalytics Ctivation',NULL,NULL,NULL,NULL,NULL),(1474,'google_nalytics_activation','Google Nalytics Activation',NULL,NULL,NULL,NULL,NULL),(1475,'google_analytics_activation','Google Analytics Activation',NULL,NULL,NULL,NULL,NULL),(1476,'google_analytics_settings','Google Analytics Settings',NULL,NULL,NULL,NULL,NULL),(1477,'google_adsense_settings','Google Adsense Settings',NULL,NULL,NULL,NULL,NULL),(1478,'manage_google_adsense_settings','Manage Google Adsense Settings',NULL,NULL,NULL,NULL,NULL),(1479,'page_wise_google_adsense_settingss','Page Wise Google Adsense Settingss',NULL,NULL,NULL,NULL,NULL),(1480,'page_wise_google_adsense_settings','Page Wise Google Adsense Settings',NULL,NULL,NULL,NULL,NULL),(1481,'saved!','Saved!',NULL,NULL,NULL,NULL,NULL),(1482,'google_adsense_code','Google Adsense Code',NULL,NULL,NULL,NULL,NULL),(1483,'already_booked_for_google_adsence','Already Booked For Google Adsence',NULL,NULL,NULL,NULL,NULL),(1484,'728*90','728*90',NULL,NULL,NULL,NULL,NULL),(1485,'google_adsense_activation','Google Adsense Activation',NULL,NULL,NULL,NULL,NULL),(1486,'google_adsense','Google Adsense',' গুগল অ্যাডসেন্স',NULL,NULL,NULL,NULL),(1487,'already_booked','Already Booked',' ইতিমধ্যেই পরিপূর্ণ',NULL,NULL,NULL,NULL),(1488,'google_adsense_is_activated!','Google Adsense Is Activated!','গুগল অ্যাডসেন্স চালু আছে!',NULL,NULL,NULL,NULL),(1489,'google_adsense_is_disabled!','Google Adsense Is Disabled!','গুগল অ্যাডসেন্স অক্ষম!',NULL,NULL,NULL,NULL),(1490,'google_analytics_is_activated!','Google Analytics Is Activated!','গুগল অ্যানালিটিক্স সক্রিয়!',NULL,NULL,NULL,NULL),(1491,'google_analytics_is_disabled!','Google Analytics Is Disabled!','গুগল অ্যানালিটিক্স অক্ষম!',NULL,NULL,NULL,NULL),(1492,'Clark Oconnor','Clark Oconnor',' ক্লার্ক ওকনোর',NULL,NULL,NULL,NULL),(1493,'category title check','Category Title Check','বিভাগ শিরোনাম চেক',NULL,NULL,NULL,NULL),(1494,'1 week','1 Week',' 1 সপ্তাহ',NULL,NULL,NULL,NULL),(1495,'1 Month','1 Month','1 মাস',NULL,NULL,NULL,NULL),(1496,'6 Months','6 Months','6 মাস',NULL,NULL,NULL,NULL),(1497,'12 Months','12 Months','1২ মাস',NULL,NULL,NULL,NULL),(1498,'Weekly Package','Weekly Package','সাপ্তাহিক প্যাকেজ',NULL,NULL,NULL,NULL),(1499,'Monthly Package','Monthly Package','মাসিক প্যাকেজ',NULL,NULL,NULL,NULL),(1500,'Half-Yearly Package','Half-Yearly Package','অর্ধ-বার্ষিক প্যাকেজ',NULL,NULL,NULL,NULL),(1501,'Yearly Package','Yearly Package','বার্ষিক প্যাকেজ',NULL,NULL,NULL,NULL),(1502,'amount_of_posts','Amount Of Posts','পোস্টের পরিমাণ',NULL,NULL,NULL,NULL),(1503,'amount_of_videos','Amount Of Videos','ভিডিওর পরিমাণ',NULL,NULL,NULL,NULL),(1504,'amount_of_images','Amount Of Images','চিত্রের পরিমাণ',NULL,NULL,NULL,NULL),(1505,'times','Times',' বার',NULL,NULL,NULL,NULL),(1506,'news_bulk_add','News Bulk Add',NULL,NULL,NULL,NULL,NULL),(1507,'Instructions','Instructions',NULL,NULL,NULL,NULL,NULL),(1508,'Download the skeleton file and fill it with data.','Download The Skeleton File And Fill It With Data.',NULL,NULL,NULL,NULL,NULL),(1509,'You can download the example file to understand how the data must be filled','You Can Download The Example File To Understand How The Data Must Be Filled',NULL,NULL,NULL,NULL,NULL),(1510,'Once you have downloaded and filled the skeleton file , upload it in the form below and\r\n                      submit.','Once You Have Downloaded And Filled The Skeleton File , Upload It In The Form Below And\r\n                      Submit.',NULL,NULL,NULL,NULL,NULL),(1511,'Do not upload more than 50 member at a time .','Do Not Upload More Than 50 Member At A Time .',NULL,NULL,NULL,NULL,NULL),(1512,'Members should be uploaded successfully.','Members Should Be Uploaded Successfully.',NULL,NULL,NULL,NULL,NULL),(1513,'Download member bulk add skeleton file','Download Member Bulk Add Skeleton File',NULL,NULL,NULL,NULL,NULL),(1514,'Download member bulk add example file','Download Member Bulk Add Example File',NULL,NULL,NULL,NULL,NULL),(1515,'Once you have downloaded and filled the skeleton file , upload it in the form below and\r\n                        submit.','Once You Have Downloaded And Filled The Skeleton File , Upload It In The Form Below And\r\n                        Submit.',NULL,NULL,NULL,NULL,NULL),(1516,'Once you have downloaded and filled the skeleton file , upload it in the form below and\r\n                                        submit.','Once You Have Downloaded And Filled The Skeleton File , Upload It In The Form Below And\r\n                                        Submit.',NULL,NULL,NULL,NULL,NULL),(1517,'Gender, On Behalf and Package should be in','Gender, On Behalf And Package Should Be In',NULL,NULL,NULL,NULL,NULL),(1518,'numerical ids','Numerical Ids',NULL,NULL,NULL,NULL,NULL),(1519,'Male Id = 1, Female Id = 2','Male Id = 1, Female Id = 2',NULL,NULL,NULL,NULL,NULL),(1520,'Click the','Click The',NULL,NULL,NULL,NULL,NULL),(1521,'On Behalf and Package modals/pop-ups','On Behalf And Package Modals/pop-ups',NULL,NULL,NULL,NULL,NULL),(1522,'to see the related ids','To See The Related Ids',NULL,NULL,NULL,NULL,NULL),(1523,'Member email must be unique.','Member Email Must Be Unique.',NULL,NULL,NULL,NULL,NULL),(1524,'Be careful to enter the member package id.','Be Careful To Enter The Member Package Id.',NULL,NULL,NULL,NULL,NULL),(1525,'On Behalf','On Behalf',NULL,NULL,NULL,NULL,NULL),(1526,'Once you have downloaded and filled the skeleton file , upload it in the form below and\r\n                                    submit.','Once You Have Downloaded And Filled The Skeleton File , Upload It In The Form Below And\r\n                                    Submit.',NULL,NULL,NULL,NULL,NULL),(1527,'more_instructions','More Instructions',NULL,NULL,NULL,NULL,NULL),(1528,'Do not upload more than 50 news at a time .','Do Not Upload More Than 50 News At A Time .',NULL,NULL,NULL,NULL,NULL),(1529,'News should be uploaded successfully.','News Should Be Uploaded Successfully.',NULL,NULL,NULL,NULL,NULL),(1530,'Download news bulk add skeleton file','Download News Bulk Add Skeleton File',NULL,NULL,NULL,NULL,NULL),(1531,'Download news bulk add example file','Download News Bulk Add Example File',NULL,NULL,NULL,NULL,NULL),(1532,'category_id_list','Category Id List',NULL,NULL,NULL,NULL,NULL),(1533,'sub_category_id_list','Sub Category Id List',NULL,NULL,NULL,NULL,NULL),(1534,'news_category_ids','News Category Ids',NULL,NULL,NULL,NULL,NULL),(1535,'Sub Category ID','Sub Category ID',NULL,NULL,NULL,NULL,NULL),(1536,'Sub Category Name','Sub Category Name',NULL,NULL,NULL,NULL,NULL),(1537,'Category ID','Category ID',NULL,NULL,NULL,NULL,NULL),(1538,'category_ID','Category ID',NULL,NULL,NULL,NULL,NULL),(1539,'category_name','Category Name',NULL,NULL,NULL,NULL,NULL),(1540,'Category IDs','Category IDs',NULL,NULL,NULL,NULL,NULL),(1541,'Category Name','Category Name',NULL,NULL,NULL,NULL,NULL),(1542,'sub_category_ID','Sub Category ID',NULL,NULL,NULL,NULL,NULL),(1543,'sub_category_name','Sub Category Name',NULL,NULL,NULL,NULL,NULL),(1544,'id','Id',NULL,NULL,NULL,NULL,NULL),(1545,'news_category_ID','News Category ID',NULL,NULL,NULL,NULL,NULL),(1546,'news_sub_category_ids','News Sub Category Ids',NULL,NULL,NULL,NULL,NULL),(1547,'news_sub_category_ID','News Sub Category ID',NULL,NULL,NULL,NULL,NULL),(1548,'news_sub_category_name','News Sub Category Name',NULL,NULL,NULL,NULL,NULL),(1549,'close','Close',NULL,NULL,NULL,NULL,NULL),(1550,'news_speciality_ids','News Speciality Ids',NULL,NULL,NULL,NULL,NULL),(1551,'news_speciality_ID','News Speciality ID',NULL,NULL,NULL,NULL,NULL),(1552,'news_speciality_id_list','News Speciality Id List',NULL,NULL,NULL,NULL,NULL),(1553,'news_reporter_id_list','News Reporter Id List',NULL,NULL,NULL,NULL,NULL),(1554,'news_reporter_ids','News Reporter Ids',NULL,NULL,NULL,NULL,NULL),(1555,'news_reporter_ID','News Reporter ID',NULL,NULL,NULL,NULL,NULL),(1556,'upload_your_news','Upload Your News',NULL,NULL,NULL,NULL,NULL),(1557,'upload_file','Upload File',NULL,NULL,NULL,NULL,NULL),(1558,'Upload Products','Upload Products',NULL,NULL,NULL,NULL,NULL),(1559,'Upload News','Upload News',NULL,NULL,NULL,NULL,NULL),(1560,'currency_settings','Currency Settings',NULL,NULL,NULL,NULL,NULL),(1561,'home_default_currency','Home Default Currency',NULL,NULL,NULL,NULL,NULL),(1562,'manage_currency_settings','Manage Currency Settings',NULL,NULL,NULL,NULL,NULL),(1563,'system_default_currency','System Default Currency',NULL,NULL,NULL,NULL,NULL),(1564,'changing_system_default_currency_will_require_changing_all_price_values','Changing System Default Currency Will Require Changing All Price Values',NULL,NULL,NULL,NULL,NULL),(1565,'symbol_format','Symbol Format',NULL,NULL,NULL,NULL,NULL),(1566,'all_urrencies','All Urrencies',NULL,NULL,NULL,NULL,NULL),(1567,'all_currencies','All Currencies',NULL,NULL,NULL,NULL,NULL),(1568,'syncing..','Syncing..',NULL,NULL,NULL,NULL,NULL),(1569,'!','!',NULL,NULL,NULL,NULL,NULL),(1570,'sync','Sync',NULL,NULL,NULL,NULL,NULL),(1571,'currency_published','Currency Published',NULL,NULL,NULL,NULL,NULL),(1572,'currency_unpublished','Currency Unpublished',NULL,NULL,NULL,NULL,NULL),(1573,'exchange_rate_updated','Exchange Rate Updated',NULL,NULL,NULL,NULL,NULL),(1574,'default','Default',NULL,NULL,NULL,NULL,NULL),(1575,'setting_updated_successfully!','Setting Updated Successfully!',NULL,NULL,NULL,NULL,NULL),(1576,'subscription_name','Subscription Name',NULL,NULL,NULL,NULL,NULL),(1577,'amount_of-images','Amount Of-images',NULL,NULL,NULL,NULL,NULL),(1578,'subscription_image','Subscription Image',NULL,NULL,NULL,NULL,NULL),(1579,'select_a_photo','Select A Photo',NULL,NULL,NULL,NULL,NULL),(1580,'Dhallywood','Dhallywood',NULL,NULL,NULL,NULL,NULL),(1581,'Bollywood','Bollywood',NULL,NULL,NULL,NULL,NULL),(1582,'Hollywood','Hollywood',NULL,NULL,NULL,NULL,NULL),(1583,'Tollywood','Tollywood',NULL,NULL,NULL,NULL,NULL),(1584,'Science','Science',NULL,NULL,NULL,NULL,NULL),(1585,'Gadgets','Gadgets',NULL,NULL,NULL,NULL,NULL),(1586,'Social Media','Social Media',NULL,NULL,NULL,NULL,NULL),(1587,'Environment','Environment',NULL,NULL,NULL,NULL,NULL),(1588,'Footbal','Footbal',NULL,NULL,NULL,NULL,NULL),(1589,'Global News','Global News',NULL,NULL,NULL,NULL,NULL),(1590,'election','Election',NULL,NULL,NULL,NULL,NULL);

#
# Structure for table "language_list"
#

DROP TABLE IF EXISTS `language_list`;
CREATE TABLE `language_list` (
  `language_list_id` int(11) NOT NULL AUTO_INCREMENT,
  `name` varchar(500) CHARACTER SET utf8 COLLATE utf8_unicode_ci DEFAULT NULL,
  `db_field` varchar(300) DEFAULT NULL,
  `status` varchar(20) DEFAULT NULL,
  PRIMARY KEY (`language_list_id`)
) ENGINE=InnoDB AUTO_INCREMENT=7 DEFAULT CHARSET=latin1;

#
# Data for table "language_list"
#

INSERT INTO `language_list` VALUES (1,'English','english','ok'),(2,'বাংলা','Bangla','ok'),(3,'Spanish','Spanish','ok'),(4,'Arabic','Arabic','ok'),(5,'French','French','ok'),(6,'Chinese','Chinese','ok');

#
# Structure for table "logo"
#

DROP TABLE IF EXISTS `logo`;
CREATE TABLE `logo` (
  `logo_id` int(11) NOT NULL AUTO_INCREMENT,
  `name` longtext DEFAULT NULL,
  PRIMARY KEY (`logo_id`)
) ENGINE=InnoDB AUTO_INCREMENT=50 DEFAULT CHARSET=latin1;

#
# Data for table "logo"
#

INSERT INTO `logo` VALUES (45,''),(48,''),(49,'');

#
# Structure for table "news"
#

DROP TABLE IF EXISTS `news`;
CREATE TABLE `news` (
  `news_id` int(11) NOT NULL AUTO_INCREMENT,
  `news_uploader_id` int(11) DEFAULT NULL,
  `edited_by` longtext DEFAULT NULL,
  `title` varchar(200) CHARACTER SET utf8 COLLATE utf8_unicode_ci DEFAULT NULL,
  `summary` longtext CHARACTER SET utf8 COLLATE utf8_unicode_ci DEFAULT NULL,
  `description` longtext CHARACTER SET utf8 COLLATE utf8_unicode_ci DEFAULT NULL,
  `date` varchar(200) DEFAULT NULL,
  `news_category_id` int(11) DEFAULT NULL,
  `news_sub_category_id` int(11) DEFAULT NULL,
  `view_count` int(11) DEFAULT NULL,
  `timestamp` int(11) DEFAULT NULL,
  `status` varchar(110) DEFAULT NULL,
  `breaking_news` varchar(20) DEFAULT NULL,
  `publish_timestamp` int(11) DEFAULT NULL,
  `tag` longtext CHARACTER SET utf8 COLLATE utf8_unicode_ci DEFAULT NULL,
  `news_speciality_id` int(11) DEFAULT NULL,
  `img_features` longtext DEFAULT NULL,
  `news_reporter_id` int(11) DEFAULT NULL,
  `serial_3` int(100) DEFAULT 0,
  `serial_breaking` int(100) DEFAULT 0,
  `serial_4` int(11) DEFAULT 0,
  `serial_6` int(11) DEFAULT 0,
  `serial_7` int(11) DEFAULT 0,
  PRIMARY KEY (`news_id`)
) ENGINE=InnoDB DEFAULT CHARSET=latin1;

#
# Data for table "news"
#


#
# Structure for table "news_archive"
#

DROP TABLE IF EXISTS `news_archive`;
CREATE TABLE `news_archive` (
  `news_archive_id` int(11) NOT NULL AUTO_INCREMENT,
  `news_uploader_id` int(11) NOT NULL,
  `edited_by` longtext NOT NULL,
  `title` varchar(200) CHARACTER SET utf8 COLLATE utf8_unicode_ci NOT NULL,
  `summary` longtext CHARACTER SET utf8 COLLATE utf8_unicode_ci NOT NULL,
  `description` longtext CHARACTER SET utf32 COLLATE utf32_unicode_ci NOT NULL,
  `date` varchar(200) NOT NULL,
  `news_category_id` int(11) NOT NULL,
  `news_sub_category_id` int(11) NOT NULL,
  `view_count` int(11) DEFAULT 0,
  `timestamp` int(11) NOT NULL,
  `tag` longtext CHARACTER SET utf8 COLLATE utf8_unicode_ci NOT NULL,
  `news_speciality_id` int(11) DEFAULT NULL,
  `news_reporter_id` int(11) NOT NULL,
  `img_features` longtext NOT NULL,
  `archived_by` longtext NOT NULL,
  `status` varchar(110) NOT NULL,
  `publish_timestamp` int(11) NOT NULL,
  `serial` int(100) DEFAULT 0,
  `serial_breaking` int(100) DEFAULT 0,
  PRIMARY KEY (`news_archive_id`)
) ENGINE=InnoDB AUTO_INCREMENT=96 DEFAULT CHARSET=latin1;

#
# Data for table "news_archive"
#


#
# Structure for table "news_category"
#

DROP TABLE IF EXISTS `news_category`;
CREATE TABLE `news_category` (
  `news_category_id` int(11) NOT NULL AUTO_INCREMENT,
  `name` longtext COLLATE utf8_unicode_ci NOT NULL,
  PRIMARY KEY (`news_category_id`)
) ENGINE=InnoDB AUTO_INCREMENT=11 DEFAULT CHARSET=utf8 COLLATE=utf8_unicode_ci;

#
# Data for table "news_category"
#

INSERT INTO `news_category` VALUES (1,'Lifestyle'),(2,'Business'),(3,'Science & Technology'),(6,'World News'),(7,'Entertainment'),(9,'Sports'),(10,'Global News');

#
# Structure for table "news_reporter"
#

DROP TABLE IF EXISTS `news_reporter`;
CREATE TABLE `news_reporter` (
  `news_reporter_id` int(11) NOT NULL AUTO_INCREMENT,
  `name` varchar(200) NOT NULL,
  `designation` varchar(200) NOT NULL,
  `phone` varchar(200) NOT NULL,
  `email` varchar(200) NOT NULL,
  `present_address` longtext NOT NULL,
  `fathers_name` varchar(50) NOT NULL,
  `national_id` varchar(50) NOT NULL,
  `permanent_address` longtext NOT NULL,
  `appointment_date` varchar(50) NOT NULL,
  `computer_ip` varchar(50) NOT NULL,
  `image` longtext NOT NULL,
  `mothers_name` varchar(50) NOT NULL,
  `admin_status` int(11) NOT NULL,
  `about` longtext NOT NULL,
  `social_account` longtext DEFAULT NULL,
  PRIMARY KEY (`news_reporter_id`)
) ENGINE=InnoDB DEFAULT CHARSET=latin1;

#
# Data for table "news_reporter"
#


#
# Structure for table "news_speciality"
#

DROP TABLE IF EXISTS `news_speciality`;
CREATE TABLE `news_speciality` (
  `news_speciality_id` int(11) NOT NULL AUTO_INCREMENT,
  `name` varchar(50) NOT NULL,
  PRIMARY KEY (`news_speciality_id`)
) ENGINE=InnoDB AUTO_INCREMENT=8 DEFAULT CHARSET=latin1;

#
# Data for table "news_speciality"
#

INSERT INTO `news_speciality` VALUES (3,'Top News'),(4,'Top Sliding News'),(6,'Details News'),(7,'None');

#
# Structure for table "news_sub_category"
#

DROP TABLE IF EXISTS `news_sub_category`;
CREATE TABLE `news_sub_category` (
  `news_sub_category_id` int(11) NOT NULL AUTO_INCREMENT,
  `name` longtext COLLATE utf8_unicode_ci NOT NULL,
  `parent_category_id` longtext COLLATE utf8_unicode_ci NOT NULL,
  PRIMARY KEY (`news_sub_category_id`)
) ENGINE=InnoDB AUTO_INCREMENT=30 DEFAULT CHARSET=utf8 COLLATE=utf8_unicode_ci;

#
# Data for table "news_sub_category"
#

INSERT INTO `news_sub_category` VALUES (1,'Travelling ','1'),(2,'Fashion','1'),(3,'Foods','1'),(4,'Health','1'),(5,'Stock Market','2'),(6,'Global Trade','2'),(8,'Champions League ','9'),(9,'International Cricket','9'),(10,'Club Cricket','9'),(11,'Movies','7'),(12,'TV','7'),(13,'Music','7'),(14,'Politics','6'),(15,'Enviroment','6'),(20,'Science','3'),(21,'Gadgets','3'),(22,'Social Media','3'),(24,'election','10'),(25,'Environment','6'),(26,'Environment','10'),(27,'Politics','10'),(28,'Cricket ','9'),(29,'Footbal','9');

#
# Structure for table "page"
#

DROP TABLE IF EXISTS `page`;
CREATE TABLE `page` (
  `page_id` int(11) NOT NULL AUTO_INCREMENT,
  `status` varchar(20) DEFAULT NULL,
  `page_name` varchar(100) DEFAULT NULL,
  `parmalink` varchar(100) DEFAULT NULL,
  `content` longtext DEFAULT NULL,
  `parts` longtext DEFAULT NULL,
  `tag` longtext DEFAULT NULL,
  `fixed` varchar(10) DEFAULT NULL,
  PRIMARY KEY (`page_id`)
) ENGINE=MyISAM AUTO_INCREMENT=18 DEFAULT CHARSET=latin1;

#
# Data for table "page"
#

/*!40000 ALTER TABLE `page` DISABLE KEYS */;
INSERT INTO `page` VALUES (17,'ok','Test','test',NULL,'[{\"size\":\"3\",\"type\":\"widget\",\"content\":\"<p><br><\\/p>\",\"widget\":\"category_1,poll_1\"},{\"size\":\"9\",\"type\":\"content\",\"content\":\"<p><strong style=\\\"margin: 0px; padding: 0px; color: rgb(0, 0, 0); font-family: &quot;Open Sans&quot;, Arial, sans-serif; font-size: 14px; text-align: justify;\\\">Lorem Ipsum<\\/strong><span style=\\\"color: rgb(0, 0, 0); font-family: &quot;Open Sans&quot;, Arial, sans-serif; font-size: 14px; text-align: justify;\\\">&nbsp;is simply dummy text of the printing and typesetting industry. Lorem Ipsum has been the industry\'s standard dummy text ever since the 1500s, when an unknown printer took a galley of type and scrambled it to make a type specimen book. It has survived not only five centuries, but also the leap into electronic typesetting, remaining essentially unchanged. It was popularised in the 1960s with the release of Letraset sheets containing Lorem Ipsum passages, and more recently with desktop publishing software like Aldus PageMaker including versions of Lorem Ipsum.<\\/span><strong style=\\\"margin: 0px; padding: 0px; color: rgb(0, 0, 0); font-family: &quot;Open Sans&quot;, Arial, sans-serif; font-size: 14px; text-align: justify;\\\">Lorem Ipsum<\\/strong><span style=\\\"color: rgb(0, 0, 0); font-family: &quot;Open Sans&quot;, Arial, sans-serif; font-size: 14px; text-align: justify;\\\">&nbsp;is simply dummy text of the printing and typesetting industry. Lorem Ipsum has been the industry\'s standard dummy text ever since the 1500s, when an unknown printer took a galley of type and scrambled it to make a type specimen book. It has survived not only five centuries, but also the leap into electronic typesetting, remaining essentially unchanged. It was popularised in the 1960s with the release of Letraset sheets containing Lorem Ipsum passages, and more recently with desktop publishing software like Aldus PageMaker including versions of Lorem Ipsum.<\\/span><strong style=\\\"margin: 0px; padding: 0px; color: rgb(0, 0, 0); font-family: &quot;Open Sans&quot;, Arial, sans-serif; font-size: 14px; text-align: justify;\\\">Lorem Ipsum<\\/strong><span style=\\\"color: rgb(0, 0, 0); font-family: &quot;Open Sans&quot;, Arial, sans-serif; font-size: 14px; text-align: justify;\\\">&nbsp;is simply dummy text of the printing and typesetting industry. Lorem Ipsum has been the industry\'s standard dummy text ever since the 1500s, when an unknown printer took a galley of type and scrambled it to make a type specimen book. It has survived not only five centuries, but also the leap into electronic typesetting, remaining essentially unchanged. It was popularised in the 1960s with the release of Letraset sheets containing Lorem Ipsum passages, and more recently with desktop publishing software like Aldus PageMaker including versions of Lorem Ipsum.<\\/span><br><\\/p>\",\"widget\":\"category_1,search_1,sp_news_tab_2,sp_news_tab_1,poll_1\"}]',NULL,NULL);
/*!40000 ALTER TABLE `page` ENABLE KEYS */;

#
# Structure for table "permission"
#

DROP TABLE IF EXISTS `permission`;
CREATE TABLE `permission` (
  `permission_id` int(11) NOT NULL AUTO_INCREMENT,
  `name` varchar(100) DEFAULT NULL,
  `codename` varchar(30) DEFAULT NULL,
  `parent_status` varchar(30) DEFAULT NULL,
  `description` longtext DEFAULT NULL,
  PRIMARY KEY (`permission_id`)
) ENGINE=MyISAM AUTO_INCREMENT=114 DEFAULT CHARSET=latin1;

#
# Data for table "permission"
#

/*!40000 ALTER TABLE `permission` DISABLE KEYS */;
INSERT INTO `permission` VALUES (1,'staff','admin','parent',''),(2,'edit','admin_edit','1',''),(3,'view','admin_view','1',''),(4,'delete','admin_delete','1',''),(5,'banner','banner','parent',''),(6,'edit','banner_edit','5',''),(7,'view','banner_view','5',''),(8,'delete','banner_delete','5',''),(13,'business settings','business_settings','parent',''),(14,'edit','business_settings_edit','13',''),(15,'view','business_settings_view','13',''),(16,'delete','business_settings_delete','13',''),(17,'News Category','news_category','parent',''),(18,'edit','category_edit','17',''),(19,'view','category_view','17',''),(20,'delete','category_delete','17',''),(21,'contact message','contact_message','parent',''),(22,'edit','contact_message_edit','21',''),(23,'view','contact_message_view','21',''),(24,'delete','contact_message_delete','21',''),(25,'site settings','site_settings','parent',''),(26,'edit','site_settings_edit','25',''),(27,'view','site_settings_view','25',''),(28,'delete','site_settings_delete','25',''),(29,'all news','all_news','parent',''),(30,'edit','all_news_edit','29',''),(31,'view','all_news_view','29',''),(32,'delete','all_news_delete','29',''),(33,'report','report','parent',''),(34,'edit','report_edit','33',''),(35,'view','report_view','33',''),(36,'delete','report_delete','33',''),(37,'role','role','parent',''),(38,'edit','role_edit','37',''),(39,'view','role_view','37',''),(40,'delete','role_delete','37',''),(41,'sale','sale','parent',''),(42,'edit','sale_edit','41',''),(43,'view','sale_view','41',''),(44,'delete','sale_delete','41',''),(45,'slider','slider','parent',''),(46,'edit','slider_edit','45',''),(47,'view','slider_view','45',''),(48,'delete','slider_delete','45',''),(53,'news_sub category','news_sub_category','parent',''),(54,'edit','sub_category_edit','53',''),(55,'view','sub_category_view','53',''),(56,'delete','sub_category_delete','53',''),(57,'user','user','parent',''),(58,'edit','user_edit','57',''),(59,'view','user_view','57',''),(60,'delete','user_delete','57',''),(61,'newsletter','newsletter','parent',''),(62,'language','language','parent',''),(63,'page','page','parent',''),(64,'Discount Coupon','coupon','parent',''),(65,'vendor','vendor','parent',''),(66,'membership','membership','parent',''),(67,'seo','seo','parent',''),(68,'Membership Payments','membership_payment','parent',NULL),(69,'blog','all_blog','parent',NULL),(70,'slides','slides','parent',NULL),(71,'post','post','parent',NULL),(72,'News Speciality','news_speciality','parent',NULL),(73,'News Serial','news_serial','parent',NULL),(74,'Poll','poll','parent',NULL),(75,'Media','media','parent',NULL),(76,'Video','video','parent',NULL),(77,'Audio','audio','parent',NULL),(78,'Photo','photo','parent',NULL),(79,'Payments','payments','parent',NULL),(80,'Ticket','ticket','parent',NULL),(82,'News Reporter','news_reporter','parent',NULL),(83,'user_package','user_package','parent',NULL),(84,'user_news_category','user_news_category','parent',NULL),(85,'User Payment','user_payment','parent',NULL),(86,'Display Settings','display_settings','parent',NULL),(87,'Third Party Settings','third_party_settings','parent',NULL),(88,'news_archive','news_archive','parent',''),(89,'third party settings','third_party_settings','parent',NULL),(90,'display settings','display_settings','parent',NULL),(91,'email_template','email_template','parent',NULL),(92,'default images','default_images','parent',NULL),(93,'Advertisement','advertisement','parent',NULL),(94,'Post An Ad','post_an_ad','93',NULL),(95,'Promo Ad','promo_ad','93',NULL),(96,'Ad Payment List','ad_payment_list','93',NULL),(97,'Ongoing Ads','ongoing_ads','93',NULL),(98,'Ads Settings','ads_settings','93',NULL),(99,'Ads Payment Settings','ads_payment_settings','93',NULL),(100,'Blog','blog','parent',NULL),(101,'Blog Category','blog_category','100',NULL),(102,'Blog Sub-Category','blog_sub_category','100',NULL),(103,'Blogs','blogs','100',NULL),(104,'Blog Gallery','blog_gallery','100',NULL),(105,'Blog Videos','blog_videos','100',NULL),(106,'subscription','subscription','parent',NULL),(107,'Ads Log','ads_log','93',NULL),(108,'Blog Post','blog_post','parent',NULL),(109,'google_analytics','google_analytics','parent',NULL),(110,'rss','rss','parent',NULL),(111,'Bulk News Add','bulk_news_add','parent',NULL),(112,'Currency','currency','parent',NULL),(113,'FAQ','faq','parent',NULL);
/*!40000 ALTER TABLE `permission` ENABLE KEYS */;

#
# Structure for table "photo"
#

DROP TABLE IF EXISTS `photo`;
CREATE TABLE `photo` (
  `photo_id` int(11) NOT NULL AUTO_INCREMENT,
  `title` varchar(200) NOT NULL,
  `description` longtext NOT NULL,
  `status` varchar(20) NOT NULL,
  `img_features` longtext DEFAULT NULL,
  PRIMARY KEY (`photo_id`)
) ENGINE=InnoDB AUTO_INCREMENT=39 DEFAULT CHARSET=latin1;

#
# Data for table "photo"
#


#
# Structure for table "poll"
#

DROP TABLE IF EXISTS `poll`;
CREATE TABLE `poll` (
  `poll_id` int(11) NOT NULL AUTO_INCREMENT,
  `question` longtext CHARACTER SET utf8 COLLATE utf8_unicode_ci DEFAULT NULL,
  `options` longtext CHARACTER SET utf8 COLLATE utf8_unicode_ci NOT NULL,
  `status` varchar(100) DEFAULT NULL,
  `uploader` int(11) DEFAULT NULL,
  `edited_by` longtext DEFAULT NULL,
  `ip_count` varchar(255) DEFAULT '[]',
  PRIMARY KEY (`poll_id`)
) ENGINE=InnoDB AUTO_INCREMENT=4 DEFAULT CHARSET=latin1;

#
# Data for table "poll"
#


#
# Structure for table "role"
#

DROP TABLE IF EXISTS `role`;
CREATE TABLE `role` (
  `role_id` int(11) NOT NULL AUTO_INCREMENT,
  `name` varchar(100) DEFAULT NULL,
  `permission` longtext DEFAULT NULL,
  `description` longtext DEFAULT NULL,
  PRIMARY KEY (`role_id`)
) ENGINE=MyISAM AUTO_INCREMENT=11 DEFAULT CHARSET=latin1;

#
# Data for table "role"
#

/*!40000 ALTER TABLE `role` DISABLE KEYS */;
INSERT INTO `role` VALUES (1,'master','','Master Admin. Adds Admin. Provides account roles.'),(4,'Accountant','[\"9\",\"13\",\"17\",\"21\"]','Accountancy and Support'),(5,'Product Manager','[\"13\",\"17\",\"21\",\"37\",\"41\",\"45\",\"49\"]','Manages Products'),(6,'Manager','[\"5\",\"13\",\"25\",\"29\",\"33\",\"37\",\"41\",\"57\",\"63\",\"112\"]','Manager of Active Super shop'),(8,'News Reporter','[\"17\",\"29\",\"53\",\"72\",\"73\",\"74\",\"88\"]','News Uploader'),(10,'Uploader','[\"1\",\"5\",\"13\",\"17\",\"21\",\"25\",\"29\",\"33\",\"41\",\"45\",\"53\",\"57\",\"62\",\"63\",\"64\",\"65\",\"67\",\"71\",\"72\",\"73\",\"76\",\"77\",\"78\",\"82\",\"88\"]','dff');
/*!40000 ALTER TABLE `role` ENABLE KEYS */;

#
# Structure for table "social_links"
#

DROP TABLE IF EXISTS `social_links`;
CREATE TABLE `social_links` (
  `social_links_id` int(11) NOT NULL AUTO_INCREMENT,
  `type` longtext COLLATE utf8_unicode_ci DEFAULT NULL,
  `value` longtext COLLATE utf8_unicode_ci DEFAULT NULL,
  PRIMARY KEY (`social_links_id`)
) ENGINE=MyISAM AUTO_INCREMENT=7 DEFAULT CHARSET=utf8 COLLATE=utf8_unicode_ci;

#
# Data for table "social_links"
#

/*!40000 ALTER TABLE `social_links` DISABLE KEYS */;
INSERT INTO `social_links` VALUES (1,'facebook','http://facebook.com'),(2,'google-plus','http://google.com'),(3,'twitter','http://twitter.com'),(4,'skype','http://skype.com'),(5,'pinterest','http://pinterest.com'),(6,'youtube','http://youtube.comm');
/*!40000 ALTER TABLE `social_links` ENABLE KEYS */;

#
# Structure for table "subscribe"
#

DROP TABLE IF EXISTS `subscribe`;
CREATE TABLE `subscribe` (
  `subscribe_id` int(11) NOT NULL AUTO_INCREMENT,
  `email` varchar(600) DEFAULT NULL,
  PRIMARY KEY (`subscribe_id`)
) ENGINE=MyISAM DEFAULT CHARSET=latin1;

#
# Data for table "subscribe"
#


#
# Structure for table "subscription"
#

DROP TABLE IF EXISTS `subscription`;
CREATE TABLE `subscription` (
  `subscription_id` int(11) NOT NULL AUTO_INCREMENT,
  `name` varchar(150) NOT NULL,
  `amount` decimal(10,0) NOT NULL,
  `post_amount` int(11) NOT NULL,
  `video_amount` int(11) NOT NULL,
  `photo_amount` int(11) NOT NULL,
  `image` longtext NOT NULL,
  PRIMARY KEY (`subscription_id`)
) ENGINE=InnoDB AUTO_INCREMENT=7 DEFAULT CHARSET=latin1;

#
# Data for table "subscription"
#

INSERT INTO `subscription` VALUES (1,'Default',0,5,5,5,'[{\"image\":\"subscription_1.png\",\"thumb\":\"subscription_1_thumb.png\"}]'),(2,'Bronze',15,10,5,5,'[{\"image\":\"subscription_2.png\",\"thumb\":\"subscription_2_thumb.png\"}]'),(3,'Silver',25,15,10,5,'[{\"image\":\"subscription_3.png\",\"thumb\":\"subscription_3_thumb.png\"}]'),(4,'Gold',35,20,15,5,'[{\"image\":\"subscription_4.png\",\"thumb\":\"subscription_4_thumb.png\"}]'),(5,'Platinum',45,25,20,7,'[{\"image\":\"subscription_5.png\",\"thumb\":\"subscription_5_thumb.png\"}]'),(6,'Diamond',50,30,25,10,'[{\"image\":\"subscription_6.png\",\"thumb\":\"subscription_6_thumb.png\"}]');

#
# Structure for table "subscription_payment"
#

DROP TABLE IF EXISTS `subscription_payment`;
CREATE TABLE `subscription_payment` (
  `subscription_payment_id` int(11) NOT NULL AUTO_INCREMENT,
  `subscription_id` int(11) NOT NULL,
  `user_id` int(11) NOT NULL,
  `payment_type` varchar(30) NOT NULL,
  `payment_status` varchar(20) NOT NULL,
  `payment_details` longtext NOT NULL,
  `amount` varchar(20) NOT NULL,
  `purchase_datetime` int(11) NOT NULL,
  `payment_code` varchar(50) DEFAULT NULL,
  `payment_timestamp` int(11) DEFAULT NULL,
  PRIMARY KEY (`subscription_payment_id`)
) ENGINE=MyISAM AUTO_INCREMENT=18 DEFAULT CHARSET=latin1;

#
# Data for table "subscription_payment"
#

/*!40000 ALTER TABLE `subscription_payment` DISABLE KEYS */;
INSERT INTO `subscription_payment` VALUES (1,3,1,'Stripe','paid','User Info: \n{\"\\u0000*\\u0000_opts\":{\"headers\":[],\"apiKey\":\"sk_test_NYIpPjs6gbmuogdwUuJ8She4\"},\"\\u0000*\\u0000_values\":{\"id\":\"cus_Bqngk0JEjxQUFm\",\"object\":\"customer\",\"account_balance\":0,\"created\":1511863969,\"currency\":null,\"default_source\":\"card_1BT650KmGdRDZlHSYq3rdqx4\",\"delinquent\":false,\"description\":null,\"discount\":null,\"email\":\"customer@newspaper.com\",\"livemode\":false,\"metadata\":{},\"shipping\":null,\"sources\":{},\"subscriptions\":{}},\"\\u0000*\\u0000_unsavedValues\":{},\"\\u0000*\\u0000_transientValues\":{},\"\\u0000*\\u0000_retrieveOptions\":[]}\n \n Charge Info: \n{\"\\u0000*\\u0000_opts\":{\"headers\":[],\"apiKey\":\"sk_test_NYIpPjs6gbmuogdwUuJ8She4\"},\"\\u0000*\\u0000_values\":{\"id\":\"ch_1BT659KmGdRDZlHSEpR5Yf0W\",\"object\":\"charge\",\"amount\":2500,\"amount_refunded\":0,\"application\":null,\"application_fee\":null,\"balance_transaction\":\"txn_1BT659KmGdRDZlHSsX6XsnFV\",\"captured\":true,\"created\":1511863971,\"currency\":\"usd\",\"customer\":\"cus_Bqngk0JEjxQUFm\",\"description\":null,\"destination\":null,\"dispute\":null,\"failure_code\":null,\"failure_message\":null,\"fraud_details\":[],\"invoice\":null,\"livemode\":false,\"metadata\":{},\"on_behalf_of\":null,\"order\":null,\"outcome\":{},\"paid\":true,\"receipt_email\":null,\"receipt_number\":null,\"refunded\":false,\"refunds\":{},\"review\":null,\"shipping\":null,\"source\":{},\"source_transfer\":null,\"statement_descriptor\":null,\"status\":\"succeeded\",\"transfer_group\":null},\"\\u0000*\\u0000_unsavedValues\":{},\"\\u0000*\\u0000_transientValues\":{},\"\\u0000*\\u0000_retrieveOptions\":[]}','25',1511863968,'2017111',1511863968),(4,6,1,'Paypal','due','none','50',1512637444,NULL,NULL),(5,6,1,'Paypal','due','none','50',1512639569,NULL,NULL),(6,5,1,'Paypal','due','none','45',1513492253,NULL,NULL),(7,2,51,'Stripe','paid','User Info: \n{\"\\u0000*\\u0000_opts\":{\"headers\":[],\"apiKey\":\"sk_test_NYIpPjs6gbmuogdwUuJ8She4\"},\"\\u0000*\\u0000_values\":{\"id\":\"cus_ByFD9hZlVIwO9l\",\"object\":\"customer\",\"account_balance\":0,\"created\":1513580841,\"currency\":null,\"default_source\":\"card_1BaIiVKmGdRDZlHSw5Tw4TUG\",\"delinquent\":false,\"description\":null,\"discount\":null,\"email\":\"fyqilejip2@hotmail.com\",\"livemode\":false,\"metadata\":{},\"shipping\":null,\"sources\":{},\"subscriptions\":{}},\"\\u0000*\\u0000_unsavedValues\":{},\"\\u0000*\\u0000_transientValues\":{},\"\\u0000*\\u0000_retrieveOptions\":[]}\n \n Charge Info: \n{\"\\u0000*\\u0000_opts\":{\"headers\":[],\"apiKey\":\"sk_test_NYIpPjs6gbmuogdwUuJ8She4\"},\"\\u0000*\\u0000_values\":{\"id\":\"ch_1BaIicKmGdRDZlHSx7gvvK0T\",\"object\":\"charge\",\"amount\":1500,\"amount_refunded\":0,\"application\":null,\"application_fee\":null,\"balance_transaction\":\"txn_1BaIidKmGdRDZlHSiMoqHzMu\",\"captured\":true,\"created\":1513580842,\"currency\":\"usd\",\"customer\":\"cus_ByFD9hZlVIwO9l\",\"description\":null,\"destination\":null,\"dispute\":null,\"failure_code\":null,\"failure_message\":null,\"fraud_details\":[],\"invoice\":null,\"livemode\":false,\"metadata\":{},\"on_behalf_of\":null,\"order\":null,\"outcome\":{},\"paid\":true,\"receipt_email\":null,\"receipt_number\":null,\"refunded\":false,\"refunds\":{},\"review\":null,\"shipping\":null,\"source\":{},\"source_transfer\":null,\"statement_descriptor\":null,\"status\":\"succeeded\",\"transfer_group\":null},\"\\u0000*\\u0000_unsavedValues\":{},\"\\u0000*\\u0000_transientValues\":{},\"\\u0000*\\u0000_retrieveOptions\":[]}','15',1513581234,'2017127',1513581234),(8,2,52,'Stripe','paid','User Info: \n{\"\\u0000*\\u0000_opts\":{\"headers\":[],\"apiKey\":\"sk_test_NYIpPjs6gbmuogdwUuJ8She4\"},\"\\u0000*\\u0000_values\":{\"id\":\"cus_CRA5X2Q4RAsuQN\",\"object\":\"customer\",\"account_balance\":0,\"created\":1520250349,\"currency\":null,\"default_source\":\"card_1C2HlDKmGdRDZlHSRM7DmHLR\",\"delinquent\":false,\"description\":null,\"discount\":null,\"email\":\"demo@newspaper.com\",\"invoice_prefix\":\"FEE24F2\",\"livemode\":false,\"metadata\":{},\"shipping\":null,\"sources\":{},\"subscriptions\":{}},\"\\u0000*\\u0000_unsavedValues\":{},\"\\u0000*\\u0000_transientValues\":{},\"\\u0000*\\u0000_retrieveOptions\":[]}\n \n Charge Info: \n{\"\\u0000*\\u0000_opts\":{\"headers\":[],\"apiKey\":\"sk_test_NYIpPjs6gbmuogdwUuJ8She4\"},\"\\u0000*\\u0000_values\":{\"id\":\"ch_1C2HlKKmGdRDZlHSYfY1SnMI\",\"object\":\"charge\",\"amount\":1500,\"amount_refunded\":0,\"application\":null,\"application_fee\":null,\"balance_transaction\":\"txn_1C2HlKKmGdRDZlHSmRgQ2DiM\",\"captured\":true,\"created\":1520250350,\"currency\":\"usd\",\"customer\":\"cus_CRA5X2Q4RAsuQN\",\"description\":null,\"destination\":null,\"dispute\":null,\"failure_code\":null,\"failure_message\":null,\"fraud_details\":[],\"invoice\":null,\"livemode\":false,\"metadata\":{},\"on_behalf_of\":null,\"order\":null,\"outcome\":{},\"paid\":true,\"receipt_email\":null,\"receipt_number\":null,\"refunded\":false,\"refunds\":{},\"review\":null,\"shipping\":null,\"source\":{},\"source_transfer\":null,\"statement_descriptor\":null,\"status\":\"succeeded\",\"transfer_group\":null},\"\\u0000*\\u0000_unsavedValues\":{},\"\\u0000*\\u0000_transientValues\":{},\"\\u0000*\\u0000_retrieveOptions\":[]}','15',1520250350,'2018038',1520250350),(10,2,52,'Stripe','paid','User Info: \n{\"\\u0000*\\u0000_opts\":{\"headers\":[],\"apiKey\":\"sk_test_NYIpPjs6gbmuogdwUuJ8She4\"},\"\\u0000*\\u0000_values\":{\"id\":\"cus_CUnUlBcZqvLKwW\",\"object\":\"customer\",\"account_balance\":0,\"created\":1521088834,\"currency\":null,\"default_source\":\"card_1C5ntAKmGdRDZlHSo3q2v1pV\",\"delinquent\":false,\"description\":null,\"discount\":null,\"email\":\"demo@newspaper.com\",\"invoice_prefix\":\"373409B\",\"livemode\":false,\"metadata\":{},\"shipping\":null,\"sources\":{},\"subscriptions\":{}},\"\\u0000*\\u0000_unsavedValues\":{},\"\\u0000*\\u0000_transientValues\":{},\"\\u0000*\\u0000_retrieveOptions\":[]}\n \n Charge Info: \n{\"\\u0000*\\u0000_opts\":{\"headers\":[],\"apiKey\":\"sk_test_NYIpPjs6gbmuogdwUuJ8She4\"},\"\\u0000*\\u0000_values\":{\"id\":\"ch_1C5ntIKmGdRDZlHSq57qNOhe\",\"object\":\"charge\",\"amount\":1500,\"amount_refunded\":0,\"application\":null,\"application_fee\":null,\"balance_transaction\":\"txn_1C5ntIKmGdRDZlHSSx60KaW1\",\"captured\":true,\"created\":1521088836,\"currency\":\"usd\",\"customer\":\"cus_CUnUlBcZqvLKwW\",\"description\":null,\"destination\":null,\"dispute\":null,\"failure_code\":null,\"failure_message\":null,\"fraud_details\":[],\"invoice\":null,\"livemode\":false,\"metadata\":{},\"on_behalf_of\":null,\"order\":null,\"outcome\":{},\"paid\":true,\"receipt_email\":null,\"receipt_number\":null,\"refunded\":false,\"refunds\":{},\"review\":null,\"shipping\":null,\"source\":{},\"source_transfer\":null,\"statement_descriptor\":null,\"status\":\"succeeded\",\"transfer_group\":null},\"\\u0000*\\u0000_unsavedValues\":{},\"\\u0000*\\u0000_transientValues\":{},\"\\u0000*\\u0000_retrieveOptions\":[]}','15',1521088836,'20180310',1521088836),(11,3,52,'Stripe','paid','User Info: \n{\"\\u0000*\\u0000_opts\":{\"headers\":[],\"apiKey\":\"sk_test_NYIpPjs6gbmuogdwUuJ8She4\"},\"\\u0000*\\u0000_values\":{\"id\":\"cus_CUpis61BW73cJK\",\"object\":\"customer\",\"account_balance\":0,\"created\":1521097153,\"currency\":null,\"default_source\":\"card_1C5q3JKmGdRDZlHScCh6Qlcu\",\"delinquent\":false,\"description\":null,\"discount\":null,\"email\":\"demo@newspaper.com\",\"invoice_prefix\":\"3412F31\",\"livemode\":false,\"metadata\":{},\"shipping\":null,\"sources\":{},\"subscriptions\":{}},\"\\u0000*\\u0000_unsavedValues\":{},\"\\u0000*\\u0000_transientValues\":{},\"\\u0000*\\u0000_retrieveOptions\":[]}\n \n Charge Info: \n{\"\\u0000*\\u0000_opts\":{\"headers\":[],\"apiKey\":\"sk_test_NYIpPjs6gbmuogdwUuJ8She4\"},\"\\u0000*\\u0000_values\":{\"id\":\"ch_1C5q3TKmGdRDZlHSPb3Vcpad\",\"object\":\"charge\",\"amount\":2500,\"amount_refunded\":0,\"application\":null,\"application_fee\":null,\"balance_transaction\":\"txn_1C5q3TKmGdRDZlHSJMzPLYkD\",\"captured\":true,\"created\":1521097155,\"currency\":\"usd\",\"customer\":\"cus_CUpis61BW73cJK\",\"description\":null,\"destination\":null,\"dispute\":null,\"failure_code\":null,\"failure_message\":null,\"fraud_details\":[],\"invoice\":null,\"livemode\":false,\"metadata\":{},\"on_behalf_of\":null,\"order\":null,\"outcome\":{},\"paid\":true,\"receipt_email\":null,\"receipt_number\":null,\"refunded\":false,\"refunds\":{},\"review\":null,\"shipping\":null,\"source\":{},\"source_transfer\":null,\"statement_descriptor\":null,\"status\":\"succeeded\",\"transfer_group\":null},\"\\u0000*\\u0000_unsavedValues\":{},\"\\u0000*\\u0000_transientValues\":{},\"\\u0000*\\u0000_retrieveOptions\":[]}','25',1521097155,'20180311',1521097155),(12,2,52,'Paypal','due','none','15',1521097268,NULL,NULL),(16,2,54,'Stripe','paid','User Info: \n{\"\\u0000*\\u0000_opts\":{\"headers\":[],\"apiKey\":\"sk_test_NYIpPjs6gbmuogdwUuJ8She4\"},\"\\u0000*\\u0000_values\":{\"id\":\"cus_CZInzFRJ8TAkyL\",\"object\":\"customer\",\"account_balance\":0,\"created\":1522127896,\"currency\":null,\"default_source\":\"card_1CAACFKmGdRDZlHSamtFTJ1j\",\"delinquent\":false,\"description\":null,\"discount\":null,\"email\":\"bloger@test.com\",\"invoice_prefix\":\"6545B4C\",\"livemode\":false,\"metadata\":{},\"shipping\":null,\"sources\":{},\"subscriptions\":{}},\"\\u0000*\\u0000_unsavedValues\":{},\"\\u0000*\\u0000_transientValues\":{},\"\\u0000*\\u0000_retrieveOptions\":[]}\n \n Charge Info: \n{\"\\u0000*\\u0000_opts\":{\"headers\":[],\"apiKey\":\"sk_test_NYIpPjs6gbmuogdwUuJ8She4\"},\"\\u0000*\\u0000_values\":{\"id\":\"ch_1CAACKKmGdRDZlHSInd1hZlB\",\"object\":\"charge\",\"amount\":1500,\"amount_refunded\":0,\"application\":null,\"application_fee\":null,\"balance_transaction\":\"txn_1CAACKKmGdRDZlHSOPzlMEHj\",\"captured\":true,\"created\":1522127896,\"currency\":\"usd\",\"customer\":\"cus_CZInzFRJ8TAkyL\",\"description\":null,\"destination\":null,\"dispute\":null,\"failure_code\":null,\"failure_message\":null,\"fraud_details\":[],\"invoice\":null,\"livemode\":false,\"metadata\":{},\"on_behalf_of\":null,\"order\":null,\"outcome\":{},\"paid\":true,\"receipt_email\":null,\"receipt_number\":null,\"refunded\":false,\"refunds\":{},\"review\":null,\"shipping\":null,\"source\":{},\"source_transfer\":null,\"statement_descriptor\":null,\"status\":\"succeeded\",\"transfer_group\":null},\"\\u0000*\\u0000_unsavedValues\":{},\"\\u0000*\\u0000_transientValues\":{},\"\\u0000*\\u0000_retrieveOptions\":[]}','15',1522127896,'20180316',1522127896),(17,2,54,'Stripe','paid','User Info: \n{\"\\u0000*\\u0000_opts\":{\"headers\":[],\"apiKey\":\"sk_test_NYIpPjs6gbmuogdwUuJ8She4\"},\"\\u0000*\\u0000_values\":{\"id\":\"cus_CZlEALYTQmXbJQ\",\"object\":\"customer\",\"account_balance\":0,\"created\":1522233651,\"currency\":null,\"default_source\":\"card_1CAbhyKmGdRDZlHSoHVKsJ0b\",\"delinquent\":false,\"description\":null,\"discount\":null,\"email\":\"bloger@test.com\",\"invoice_prefix\":\"6F7E224\",\"livemode\":false,\"metadata\":{},\"shipping\":null,\"sources\":{},\"subscriptions\":{}},\"\\u0000*\\u0000_unsavedValues\":{},\"\\u0000*\\u0000_transientValues\":{},\"\\u0000*\\u0000_retrieveOptions\":[]}\n \n Charge Info: \n{\"\\u0000*\\u0000_opts\":{\"headers\":[],\"apiKey\":\"sk_test_NYIpPjs6gbmuogdwUuJ8She4\"},\"\\u0000*\\u0000_values\":{\"id\":\"ch_1CAbi3KmGdRDZlHS0WyXdrgx\",\"object\":\"charge\",\"amount\":1500,\"amount_refunded\":0,\"application\":null,\"application_fee\":null,\"balance_transaction\":\"txn_1CAbi4KmGdRDZlHSElw6qoRx\",\"captured\":true,\"created\":1522233651,\"currency\":\"usd\",\"customer\":\"cus_CZlEALYTQmXbJQ\",\"description\":null,\"destination\":null,\"dispute\":null,\"failure_code\":null,\"failure_message\":null,\"fraud_details\":[],\"invoice\":null,\"livemode\":false,\"metadata\":{},\"on_behalf_of\":null,\"order\":null,\"outcome\":{},\"paid\":true,\"receipt_email\":null,\"receipt_number\":null,\"refunded\":false,\"refunds\":{},\"review\":null,\"shipping\":null,\"source\":{},\"source_transfer\":null,\"statement_descriptor\":null,\"status\":\"succeeded\",\"transfer_group\":null},\"\\u0000*\\u0000_unsavedValues\":{},\"\\u0000*\\u0000_transientValues\":{},\"\\u0000*\\u0000_retrieveOptions\":[]}','15',1522233652,'20180317',1522233652);
/*!40000 ALTER TABLE `subscription_payment` ENABLE KEYS */;

#
# Structure for table "third_party_settings"
#

DROP TABLE IF EXISTS `third_party_settings`;
CREATE TABLE `third_party_settings` (
  `third_party_settings_id` int(11) NOT NULL AUTO_INCREMENT,
  `type` longtext NOT NULL,
  `value` longtext NOT NULL,
  PRIMARY KEY (`third_party_settings_id`)
) ENGINE=InnoDB AUTO_INCREMENT=18 DEFAULT CHARSET=latin1;

#
# Data for table "third_party_settings"
#

INSERT INTO `third_party_settings` VALUES (1,'captcha_public',''),(2,'captcha_private',''),(3,'fb_login_set','no'),(4,'fb_appid',''),(5,'fb_secret',''),(6,'g_login_set','no'),(7,'g_application_name',''),(8,'g_client_id',''),(9,'g_client_secret',''),(10,'g_redirect_uri',''),(11,'g_api_key',''),(12,'comment_type','facebook'),(13,'discus_id',''),(14,'fb_comment_api',''),(15,'g_map_api_key',''),(16,'captcha_status','no'),(17,'google_analytics_key','12345cghg');

#
# Structure for table "ticket"
#

DROP TABLE IF EXISTS `ticket`;
CREATE TABLE `ticket` (
  `ticket_id` int(11) NOT NULL AUTO_INCREMENT,
  `time` varchar(30) DEFAULT NULL,
  `from_where` varchar(100) DEFAULT NULL,
  `to_where` varchar(100) DEFAULT NULL,
  `subject` varchar(100) DEFAULT NULL,
  `view_status` varchar(30) DEFAULT NULL,
  PRIMARY KEY (`ticket_id`)
) ENGINE=InnoDB AUTO_INCREMENT=5 DEFAULT CHARSET=latin1;

#
# Data for table "ticket"
#

INSERT INTO `ticket` VALUES (3,'1480584133','{\"type\":\"user\",\"id\":\"1\"}','{\"type\":\"admin\",\"id\":\"\"}','hi','ok'),(4,'1521877673','{\"type\":\"user\",\"id\":\"1\"}','{\"type\":\"admin\",\"id\":\"\"}','Voluptatem facilis soluta quo suscipit sequi fugit necessitatibus dignissimos pariatur Perferendis l','ok');

#
# Structure for table "ticket_message"
#

DROP TABLE IF EXISTS `ticket_message`;
CREATE TABLE `ticket_message` (
  `ticket_message_id` int(11) NOT NULL AUTO_INCREMENT,
  `time` varchar(30) DEFAULT NULL,
  `from_where` varchar(100) DEFAULT NULL,
  `to_where` varchar(100) DEFAULT NULL,
  `ticket_id` int(11) NOT NULL,
  `subject` varchar(100) DEFAULT NULL,
  `view_status` varchar(100) DEFAULT NULL,
  `message` longtext DEFAULT NULL,
  PRIMARY KEY (`ticket_message_id`)
) ENGINE=InnoDB AUTO_INCREMENT=90 DEFAULT CHARSET=latin1;

#
# Data for table "ticket_message"
#

INSERT INTO `ticket_message` VALUES (1,'1453213504','{\"type\":\"user\",\"id\":\"19\"}','{\"type\":\"admin\",\"id\":\"\"}',1,'subject','{\"user_show\":\"ok\",\"admin_show\":\"ok\"}','<span class=\"wysiwyg-color-navy\">Lorem Ipsum</span><span><span class=\"wysiwyg-color-navy\"> is simply dummy text of the printing and typesetting industry. Lorem Ipsum has been the industry\'s standard dummy text ever since the 1500s, when an unknown printer took a galley of type and scrambled it to make a type specimen book. It has survived not only</span> <i>five centuries, but also the leap into electronic typesetting, remaining essentially unchanged. It was popularised in the 1960s with the release of Letraset sheets containing Lorem Ipsum passages, and more recently with desktop publishing software like Aldus PageMaker including versions of Lorem Ipsum.</i></span>'),(2,'1453213963','{\"type\":\"admin\",\"id\":\"\"}','{\"type\":\"user\",\"id\":\"19\"}',1,'subject','{\"user_show\":\"ok\",\"admin_show\":\"ok\"}','Lorem Ipsum is simply dummy text of the printing and typesetting industry. Lorem Ipsum has been the industry\'s standard dummy text ever since the 1500s, when an unknown printer took a galley of type and scrambled it to make a type specimen book. It has survived not only five centuries, but also the leap into electronic typesetting, remaining essentially unchanged. It was popularised in the 1960s with the release of Letraset sheets containing Lorem Ipsum passages, and more recently with desktop publishing software like Aldus PageMaker including versions of Lorem Ipsum.'),(3,'1453214652','{\"type\":\"user\",\"id\":\"19\"}','{\"type\":\"admin\",\"id\":\"\"}',1,'subject','{\"user_show\":\"ok\",\"admin_show\":\"ok\"}','<ul><li>asfasf</li></ul>'),(4,'1453215971','{\"type\":\"admin\",\"id\":\"\"}','{\"type\":\"user\",\"id\":\"19\"}',1,'subject','{\"user_show\":\"ok\",\"admin_show\":\"ok\"}','Kire'),(5,'1453216015','{\"type\":\"user\",\"id\":\"19\"}','{\"type\":\"admin\",\"id\":\"\"}',1,'subject','{\"user_show\":\"ok\",\"admin_show\":\"ok\"}','bolo'),(6,'1453216033','{\"type\":\"admin\",\"id\":\"\"}','{\"type\":\"user\",\"id\":\"19\"}',1,'subject','{\"user_show\":\"ok\",\"admin_show\":\"ok\"}','one one'),(7,'1453216047','{\"type\":\"admin\",\"id\":\"\"}','{\"type\":\"user\",\"id\":\"19\"}',1,'subject','{\"user_show\":\"ok\",\"admin_show\":\"ok\"}','two two'),(8,'1453301050','{\"type\":\"user\",\"id\":\"19\"}','{\"type\":\"admin\",\"id\":\"\"}',2,'sfc','{\"user_show\":\"ok\",\"admin_show\":\"ok\"}','asfa'),(9,'1454067252','{\"type\":\"user\",\"id\":\"19\"}','{\"type\":\"admin\",\"id\":\"\"}',1,'subject','{\"user_show\":\"ok\",\"admin_show\":\"ok\"}','<h1>khkhk</h1>'),(10,'1454532385','{\"type\":\"admin\",\"id\":\"\"}','{\"type\":\"user\",\"id\":\"19\"}',2,'sfc','{\"user_show\":\"ok\",\"admin_show\":\"ok\"}','hi dada\r\n'),(11,'1454532511','{\"type\":\"user\",\"id\":\"19\"}','{\"type\":\"admin\",\"id\":\"\"}',2,'sfc','{\"user_show\":\"ok\",\"admin_show\":\"ok\"}','lol'),(12,'1454532539','{\"type\":\"user\",\"id\":\"19\"}','{\"type\":\"admin\",\"id\":\"\"}',2,'sfc','{\"user_show\":\"ok\",\"admin_show\":\"ok\"}','kmn aso ?<br><br>'),(13,'1480584133','{\"type\":\"user\",\"id\":\"1\"}','{\"type\":\"admin\",\"id\":\"\"}',3,'hi','{\"user_show\":\"ok\",\"admin_show\":\"ok\"}','bye'),(14,'1480584171','{\"type\":\"user\",\"id\":\"1\"}','{\"type\":\"admin\",\"id\":\"\"}',4,'HI','{\"user_show\":\"ok\",\"admin_show\":\"ok\"}','BYE'),(15,'1480585690','{\"type\":\"user\",\"id\":\"1\"}','{\"type\":\"admin\",\"id\":\"\"}',4,'HI','{\"user_show\":\"ok\",\"admin_show\":\"ok\"}','afa'),(16,'1480585736','{\"type\":\"user\",\"id\":\"1\"}','{\"type\":\"admin\",\"id\":\"\"}',4,'HI','{\"user_show\":\"ok\",\"admin_show\":\"ok\"}','aff'),(17,'1480585759','{\"type\":\"user\",\"id\":\"1\"}','{\"type\":\"admin\",\"id\":\"\"}',4,'HI','{\"user_show\":\"ok\",\"admin_show\":\"ok\"}','fsd'),(18,'1480585767','{\"type\":\"user\",\"id\":\"1\"}','{\"type\":\"admin\",\"id\":\"\"}',4,'HI','{\"user_show\":\"ok\",\"admin_show\":\"ok\"}','fsd'),(19,'1480585804','{\"type\":\"user\",\"id\":\"1\"}','{\"type\":\"admin\",\"id\":\"\"}',4,'HI','{\"user_show\":\"ok\",\"admin_show\":\"ok\"}','asad'),(20,'1480585948','{\"type\":\"user\",\"id\":\"1\"}','{\"type\":\"admin\",\"id\":\"\"}',4,'HI','{\"user_show\":\"ok\",\"admin_show\":\"ok\"}','ad'),(21,'1480586017','{\"type\":\"user\",\"id\":\"1\"}','{\"type\":\"admin\",\"id\":\"\"}',4,'HI','{\"user_show\":\"ok\",\"admin_show\":\"ok\"}','alvi'),(22,'1488175359','{\"type\":\"admin\",\"id\":\"\"}','{\"type\":\"user\",\"id\":\"1\"}',4,'HI','{\"user_show\":\"ok\",\"admin_show\":\"ok\"}','hello'),(23,'1488175456','{\"type\":\"admin\",\"id\":\"\"}','{\"type\":\"user\",\"id\":\"1\"}',3,'hi','{\"user_show\":\"ok\",\"admin_show\":\"ok\"}','okey'),(24,'1488190706','{\"type\":\"user\",\"id\":\"1\"}','{\"type\":\"admin\",\"id\":\"\"}',5,'dfds','{\"user_show\":\"ok\",\"admin_show\":\"no\"}','sdf'),(25,'1488190722','{\"type\":\"user\",\"id\":\"1\"}','{\"type\":\"admin\",\"id\":\"\"}',6,'asdad','{\"user_show\":\"ok\",\"admin_show\":\"no\"}','asdasd'),(26,'1488190906','{\"type\":\"user\",\"id\":\"1\"}','{\"type\":\"admin\",\"id\":\"\"}',7,'dad','{\"user_show\":\"ok\",\"admin_show\":\"no\"}','adad'),(27,'1488191104','{\"type\":\"user\",\"id\":\"1\"}','{\"type\":\"admin\",\"id\":\"\"}',8,'sd','{\"user_show\":\"ok\",\"admin_show\":\"no\"}','sdf'),(28,'1488191253','{\"type\":\"user\",\"id\":\"1\"}','{\"type\":\"admin\",\"id\":\"\"}',9,'ad','{\"user_show\":\"ok\",\"admin_show\":\"no\"}','asd'),(29,'1488191253','{\"type\":\"user\",\"id\":\"1\"}','{\"type\":\"admin\",\"id\":\"\"}',10,'ad','{\"user_show\":\"ok\",\"admin_show\":\"no\"}','asd'),(30,'1488191253','{\"type\":\"user\",\"id\":\"1\"}','{\"type\":\"admin\",\"id\":\"\"}',11,'ad','{\"user_show\":\"ok\",\"admin_show\":\"no\"}','asd'),(31,'1488191264','{\"type\":\"user\",\"id\":\"1\"}','{\"type\":\"admin\",\"id\":\"\"}',12,'ad','{\"user_show\":\"ok\",\"admin_show\":\"no\"}','ad'),(32,'1488191264','{\"type\":\"user\",\"id\":\"1\"}','{\"type\":\"admin\",\"id\":\"\"}',13,'ad','{\"user_show\":\"ok\",\"admin_show\":\"no\"}','ad'),(33,'1488191264','{\"type\":\"user\",\"id\":\"1\"}','{\"type\":\"admin\",\"id\":\"\"}',14,'ad','{\"user_show\":\"ok\",\"admin_show\":\"no\"}','ad'),(34,'1488191264','{\"type\":\"user\",\"id\":\"1\"}','{\"type\":\"admin\",\"id\":\"\"}',15,'ad','{\"user_show\":\"ok\",\"admin_show\":\"no\"}','ad'),(35,'1488191265','{\"type\":\"user\",\"id\":\"1\"}','{\"type\":\"admin\",\"id\":\"\"}',16,'ad','{\"user_show\":\"ok\",\"admin_show\":\"no\"}','ad'),(36,'1488191265','{\"type\":\"user\",\"id\":\"1\"}','{\"type\":\"admin\",\"id\":\"\"}',17,'ad','{\"user_show\":\"ok\",\"admin_show\":\"no\"}','ad'),(37,'1488191272','{\"type\":\"user\",\"id\":\"1\"}','{\"type\":\"admin\",\"id\":\"\"}',18,'ads','{\"user_show\":\"ok\",\"admin_show\":\"no\"}','asd'),(38,'1488191272','{\"type\":\"user\",\"id\":\"1\"}','{\"type\":\"admin\",\"id\":\"\"}',19,'ads','{\"user_show\":\"ok\",\"admin_show\":\"no\"}','asd'),(39,'1488191272','{\"type\":\"user\",\"id\":\"1\"}','{\"type\":\"admin\",\"id\":\"\"}',20,'ads','{\"user_show\":\"ok\",\"admin_show\":\"no\"}','asd'),(40,'1488191272','{\"type\":\"user\",\"id\":\"1\"}','{\"type\":\"admin\",\"id\":\"\"}',21,'ads','{\"user_show\":\"ok\",\"admin_show\":\"no\"}','asd'),(41,'1488191272','{\"type\":\"user\",\"id\":\"1\"}','{\"type\":\"admin\",\"id\":\"\"}',22,'ads','{\"user_show\":\"ok\",\"admin_show\":\"no\"}','asd'),(42,'1488191272','{\"type\":\"user\",\"id\":\"1\"}','{\"type\":\"admin\",\"id\":\"\"}',23,'ads','{\"user_show\":\"ok\",\"admin_show\":\"no\"}','asd'),(43,'1488191272','{\"type\":\"user\",\"id\":\"1\"}','{\"type\":\"admin\",\"id\":\"\"}',24,'ads','{\"user_show\":\"ok\",\"admin_show\":\"no\"}','asd'),(44,'1488191272','{\"type\":\"user\",\"id\":\"1\"}','{\"type\":\"admin\",\"id\":\"\"}',25,'ads','{\"user_show\":\"ok\",\"admin_show\":\"no\"}','asd'),(45,'1488191272','{\"type\":\"user\",\"id\":\"1\"}','{\"type\":\"admin\",\"id\":\"\"}',26,'ads','{\"user_show\":\"ok\",\"admin_show\":\"no\"}','asd'),(46,'1488191272','{\"type\":\"user\",\"id\":\"1\"}','{\"type\":\"admin\",\"id\":\"\"}',27,'ads','{\"user_show\":\"ok\",\"admin_show\":\"no\"}','asd'),(47,'1488191272','{\"type\":\"user\",\"id\":\"1\"}','{\"type\":\"admin\",\"id\":\"\"}',28,'ads','{\"user_show\":\"ok\",\"admin_show\":\"no\"}','asd'),(48,'1488191273','{\"type\":\"user\",\"id\":\"1\"}','{\"type\":\"admin\",\"id\":\"\"}',29,'ads','{\"user_show\":\"ok\",\"admin_show\":\"no\"}','asd'),(49,'1488191310','{\"type\":\"user\",\"id\":\"1\"}','{\"type\":\"admin\",\"id\":\"\"}',30,'as','{\"user_show\":\"ok\",\"admin_show\":\"no\"}','asd'),(50,'1488191310','{\"type\":\"user\",\"id\":\"1\"}','{\"type\":\"admin\",\"id\":\"\"}',31,'as','{\"user_show\":\"ok\",\"admin_show\":\"no\"}','asd'),(51,'1488191316','{\"type\":\"user\",\"id\":\"1\"}','{\"type\":\"admin\",\"id\":\"\"}',32,'ad','{\"user_show\":\"ok\",\"admin_show\":\"no\"}','asd'),(52,'1488191316','{\"type\":\"user\",\"id\":\"1\"}','{\"type\":\"admin\",\"id\":\"\"}',33,'ad','{\"user_show\":\"ok\",\"admin_show\":\"no\"}','asd'),(53,'1488191349','{\"type\":\"user\",\"id\":\"1\"}','{\"type\":\"admin\",\"id\":\"\"}',34,'adsfa','{\"user_show\":\"ok\",\"admin_show\":\"no\"}','asd'),(54,'1488191606','{\"type\":\"user\",\"id\":\"1\"}','{\"type\":\"admin\",\"id\":\"\"}',35,'asda','{\"user_show\":\"ok\",\"admin_show\":\"ok\"}','qasdasd'),(55,'1488191820','{\"type\":\"user\",\"id\":\"1\"}','{\"type\":\"admin\",\"id\":\"\"}',4,'HI','{\"user_show\":\"ok\",\"admin_show\":\"ok\"}','asda'),(56,'1488192041','{\"type\":\"user\",\"id\":\"1\"}','{\"type\":\"admin\",\"id\":\"\"}',3,'hi','{\"user_show\":\"ok\",\"admin_show\":\"ok\"}','626'),(57,'1488192294','{\"type\":\"user\",\"id\":\"1\"}','{\"type\":\"admin\",\"id\":\"\"}',7,'dad','{\"user_show\":\"ok\",\"admin_show\":\"no\"}','ghj'),(58,'1488192422','{\"type\":\"user\",\"id\":\"1\"}','{\"type\":\"admin\",\"id\":\"\"}',4,'HI','{\"user_show\":\"ok\",\"admin_show\":\"ok\"}','sdf'),(59,'1488193320','{\"type\":\"user\",\"id\":\"1\"}','{\"type\":\"admin\",\"id\":\"\"}',35,'asda','{\"user_show\":\"ok\",\"admin_show\":\"ok\"}','okey'),(60,'1488193405','{\"type\":\"user\",\"id\":\"1\"}','{\"type\":\"admin\",\"id\":\"\"}',6,'asdad','{\"user_show\":\"ok\",\"admin_show\":\"no\"}','asd'),(61,'1488264730','{\"type\":\"admin\",\"id\":\"\"}','{\"type\":\"user\",\"id\":\"1\"}',35,'asda','{\"user_show\":\"no\",\"admin_show\":\"ok\"}','thanks'),(62,'1488264936','{\"type\":\"admin\",\"id\":\"\"}','{\"type\":\"user\",\"id\":\"1\"}',3,'hi','{\"user_show\":\"ok\",\"admin_show\":\"ok\"}','thanks'),(63,'1488264946','{\"type\":\"user\",\"id\":\"1\"}','{\"type\":\"admin\",\"id\":\"\"}',3,'hi','{\"user_show\":\"ok\",\"admin_show\":\"ok\"}','ghhk'),(64,'1488265106','{\"type\":\"admin\",\"id\":\"\"}','{\"type\":\"user\",\"id\":\"1\"}',3,'hi','{\"user_show\":\"ok\",\"admin_show\":\"ok\"}','no'),(65,'1488266782','{\"type\":\"user\",\"id\":\"1\"}','{\"type\":\"admin\",\"id\":\"\"}',3,'hi','{\"user_show\":\"ok\",\"admin_show\":\"ok\"}','dfgdfg'),(66,'1488266818','{\"type\":\"user\",\"id\":\"1\"}','{\"type\":\"admin\",\"id\":\"\"}',3,'hi','{\"user_show\":\"ok\",\"admin_show\":\"ok\"}','Aperiam ut laboriosam, aut perspiciatis, facere similique molestiae at est, quia dignissimos lorem quos.'),(67,'1488267401','{\"type\":\"user\",\"id\":\"1\"}','{\"type\":\"admin\",\"id\":\"\"}',3,'hi','{\"user_show\":\"ok\",\"admin_show\":\"ok\"}','fghh'),(68,'1488267495','{\"type\":\"user\",\"id\":\"1\"}','{\"type\":\"admin\",\"id\":\"\"}',4,'HI','{\"user_show\":\"ok\",\"admin_show\":\"ok\"}','cbcb'),(69,'1488267911','{\"type\":\"user\",\"id\":\"1\"}','{\"type\":\"admin\",\"id\":\"\"}',3,'hi','{\"user_show\":\"ok\",\"admin_show\":\"ok\"}','1'),(70,'1488268583','{\"type\":\"user\",\"id\":\"1\"}','{\"type\":\"admin\",\"id\":\"\"}',36,'alvi','{\"user_show\":\"ok\",\"admin_show\":\"ok\"}','tumi pocha'),(71,'1488268603','{\"type\":\"user\",\"id\":\"1\"}','{\"type\":\"admin\",\"id\":\"\"}',36,'alvi','{\"user_show\":\"ok\",\"admin_show\":\"ok\"}','hello'),(72,'1488268623','{\"type\":\"user\",\"id\":\"1\"}','{\"type\":\"admin\",\"id\":\"\"}',36,'alvi','{\"user_show\":\"ok\",\"admin_show\":\"ok\"}','hi'),(73,'1488268740','{\"type\":\"user\",\"id\":\"1\"}','{\"type\":\"admin\",\"id\":\"\"}',36,'alvi','{\"user_show\":\"ok\",\"admin_show\":\"ok\"}','dfg'),(74,'1488269058','{\"type\":\"user\",\"id\":\"1\"}','{\"type\":\"admin\",\"id\":\"\"}',36,'alvi','{\"user_show\":\"ok\",\"admin_show\":\"ok\"}','sdfs'),(75,'1488269068','{\"type\":\"user\",\"id\":\"1\"}','{\"type\":\"admin\",\"id\":\"\"}',36,'alvi','{\"user_show\":\"ok\",\"admin_show\":\"ok\"}','agein'),(76,'1488269080','{\"type\":\"user\",\"id\":\"1\"}','{\"type\":\"admin\",\"id\":\"\"}',36,'alvi','{\"user_show\":\"ok\",\"admin_show\":\"ok\"}','hello'),(77,'1488269159','{\"type\":\"user\",\"id\":\"1\"}','{\"type\":\"admin\",\"id\":\"\"}',36,'alvi','{\"user_show\":\"ok\",\"admin_show\":\"ok\"}','1'),(78,'1488269161','{\"type\":\"user\",\"id\":\"1\"}','{\"type\":\"admin\",\"id\":\"\"}',36,'alvi','{\"user_show\":\"ok\",\"admin_show\":\"ok\"}','2'),(79,'1488269163','{\"type\":\"user\",\"id\":\"1\"}','{\"type\":\"admin\",\"id\":\"\"}',36,'alvi','{\"user_show\":\"ok\",\"admin_show\":\"ok\"}','3'),(80,'1488269165','{\"type\":\"user\",\"id\":\"1\"}','{\"type\":\"admin\",\"id\":\"\"}',36,'alvi','{\"user_show\":\"ok\",\"admin_show\":\"ok\"}','4'),(81,'1488269191','{\"type\":\"admin\",\"id\":\"\"}','{\"type\":\"user\",\"id\":\"1\"}',36,'alvi','{\"user_show\":\"ok\",\"admin_show\":\"ok\"}','okey'),(82,'1489485305','{\"type\":\"user\",\"id\":\"1\"}','{\"type\":\"admin\",\"id\":\"\"}',3,'hi','{\"user_show\":\"ok\",\"admin_show\":\"ok\"}','dsfsdf'),(83,'1506651082','{\"type\":\"admin\",\"id\":\"\"}','{\"type\":\"user\",\"id\":\"1\"}',3,'hi','{\"user_show\":\"ok\",\"admin_show\":\"ok\"}','Baby'),(84,'1506651578','{\"type\":\"user\",\"id\":\"1\"}','{\"type\":\"admin\",\"id\":\"\"}',3,'hi','{\"user_show\":\"ok\",\"admin_show\":\"ok\"}','okay'),(85,'1506651591','{\"type\":\"user\",\"id\":\"1\"}','{\"type\":\"admin\",\"id\":\"\"}',3,'hi','{\"user_show\":\"ok\",\"admin_show\":\"ok\"}','hmm'),(86,'1506651681','{\"type\":\"admin\",\"id\":\"\"}','{\"type\":\"user\",\"id\":\"1\"}',3,'hi','{\"user_show\":\"ok\",\"admin_show\":\"ok\"}','go baby'),(87,'1512462280','{\"type\":\"user\",\"id\":\"1\"}','{\"type\":\"admin\",\"id\":\"\"}',3,'hi','{\"user_show\":\"ok\",\"admin_show\":\"ok\"}','testing 123'),(88,'1521097039','{\"type\":\"admin\",\"id\":\"\"}','{\"type\":\"user\",\"id\":\"1\"}',3,'hi','{\"user_show\":\"ok\",\"admin_show\":\"ok\"}','hello'),(89,'1521877673','{\"type\":\"user\",\"id\":\"1\"}','{\"type\":\"admin\",\"id\":\"\"}',4,'Voluptatem facilis soluta quo suscipit sequi fugit necessitatibus dignissimos pariatur Perferendis l','{\"user_show\":\"ok\",\"admin_show\":\"no\"}','Eveniet voluptatem velit quia iusto voluptas quod ut accusantium deleniti eos qui eveniet');

#
# Structure for table "ui_settings"
#

DROP TABLE IF EXISTS `ui_settings`;
CREATE TABLE `ui_settings` (
  `ui_settings_id` int(11) NOT NULL AUTO_INCREMENT,
  `type` longtext DEFAULT NULL,
  `value` longtext DEFAULT NULL,
  PRIMARY KEY (`ui_settings_id`)
) ENGINE=MyISAM AUTO_INCREMENT=50 DEFAULT CHARSET=latin1;

#
# Data for table "ui_settings"
#

/*!40000 ALTER TABLE `ui_settings` DISABLE KEYS */;
INSERT INTO `ui_settings` VALUES (1,'side_bar_pos','right'),(2,'latest_item_div',NULL),(3,'most_popular_div',NULL),(4,'most_view_div',NULL),(5,'filter_div','on'),(6,'admin_login_logo','45'),(7,'admin_nav_logo','18'),(8,'home_top_logo','48'),(9,'home_bottom_logo','49'),(10,'home_category','null'),(11,'fav_ext','png'),(12,'side_bar_pos_category','right'),(13,'home_brand','null'),(14,'footer_color','dark-1'),(15,'header_color','dark-1'),(16,'menu_serial','[{\"id\":1},{\"id\":2},{\"id\":3},{\"id\":4},{\"id\":6},{\"id\":7,\"children\":[{\"id\":8,\"children\":[{\"id\":9}]}]},{\"id\":10},{\"id\":5},{\"id\":11}]'),(17,'page_serial','[]'),(18,'font','Lora'),(19,'parallax_title','Introduce your cyber business with Activeclassified CMS'),(20,'blog_count','4'),(22,'home_featured_count','20'),(23,'list_product_count','12'),(24,'header_style','{\"menu_links\":\"left\",\"search_bar\":\"right\",\"effects\":\"fade\",\"sticky_header\":\"true\"}'),(25,'scrolling_news','{\"status\":\"ok\",\"title\":\"Breaking News\",\"count\":\"5\"}'),(26,'top_news','{\"status\":\"ok\",\"style\":\"1\"}'),(27,'sliding_news','{\"status\":\"ok\",\"title\":\"Top Stories\",\"count\":\"10\"}'),(28,'detail_news','{\"status\":\"ok\",\"widgets\":[\"category_1\"],\"sidebar\":\"right\",\"count\":\"5\"}'),(29,'photo_gal','{\"status\":\"ok\",\"title\":\"Photo Gallery\",\"count\":\"8\"}'),(30,'video_gal','{\"status\":\"ok\",\"title\":\"Video Gallery\",\"style\":\"2\"}'),(31,'special_category','{\"status\":\"ok\",\"cat1\":\"7\",\"cat2\":\"1\",\"widgets\":[\"search_1\",\"poll_1\"],\"sidebar\":\"right\",\"count\":\"2\"}'),(32,'home_cat','{\"status\":\"ok\",\"outlook\":\"single\",\"categories\":[\"6\",\"7\"],\"style\":\"1\"}'),(33,'news_description','{\"sidebar\":\"left\",\"widgets\":[\"search_1\",\"video_source_1\",\"sp_news_tab_1\",\"poll_1\"],\"page_bottom\":\"latest_photos\"}'),(34,'category_news','{\"sidebar\":\"left\",\"widgets\":[\"category_1\",\"sp_news_tab_1\",\"poll_1\"],\"page_bottom\":\"latest_photos\"}'),(35,'listing_news','{\"sidebar\":\"left\",\"widgets\":[\"archive_search_1\",\"sp_news_tab_1\"],\"page_bottom\":\"none\"}'),(36,'photos_page','{\"sidebar\":\"left\",\"widgets\":[\"archive_search_1\",\"sp_news_tab_1\"],\"page_bottom\":\"latest_photos\"}'),(37,'photo_detail_page','{\"sidebar\":\"right\",\"widgets\":[\"archive_search_1\",\"video_source_1\",\"sp_news_tab_1\"],\"page_bottom\":\"latest_photos\"}'),(38,'videos_page','{\"sidebar\":\"left\",\"widgets\":[\"archive_search_1\"],\"page_bottom\":\"latest_videos\"}'),(39,'video_detail_page','{\"sidebar\":\"right\",\"widgets\":[\"archive_search_1\",\"sp_news_tab_1\"],\"page_bottom\":\"latest_videos\"}'),(40,'reporters_page','{\"sidebar\":\"left\",\"widgets\":[\"archive_search_1\",\"sp_news_tab_1\"],\"page_bottom\":\"latest_photos\"}'),(41,'reporter_detail_page','{\"sidebar\":\"right\",\"widgets\":[\"category_1\",\"sp_news_tab_2\"],\"page_bottom\":\"latest_photos\"}'),(42,'archive_listing_page','{\"sidebar\":\"left\",\"widgets\":[\"search_1\",\"video_source_1\",\"sp_news_tab_2\",\"sp_news_tab_1\"],\"page_bottom\":\"latest_photos\"}'),(43,'email_theme_style','style_1'),(44,'email_theme_style_2','<div style=\"margin: 0px 10px; background: #45a9b9; padding: 30px;\"><div style=\"margin: 0px auto; background: #eff7ff; padding: 30px;\">[[body]]</div></div>'),(45,'email_theme_style_3','<div style=\"margin: 0px 10px; background: repeating-linear-gradient(-45deg, red 0, red 1em, #fffdeb 0, #fffdeb 2em, #58a 0, #58a 3em, #fffdeb 0, #fffdeb 4em); padding: 15px;\"><div style=\"margin: 0px auto; background: #fffdeb; padding: 30px;\">[[body]]</div></div>'),(46,'email_theme_style_4','<div style=\"margin: 0px 10px; background: #f7f7f7; padding: 30px;\"><div style=\"padding: 30px; background: #76cece; border-radius:5px 5px 0px 0px; box-shadow: 0px -1px 7px #616565; display:block;\"><div style=\"background-image:url([[logo]]); background-repeat:no-repeat; height:80px; width:auto; display:block;\"></div></div><div style=\"margin: 0px auto; background: rgba(255, 255, 255, 0.91); padding: 30px; box-shadow: 0px 3px 7px #616565; border-radius:0px 0px 5x 5px;\">[[body]]</div></div>'),(47,'blog_photo_gal','{\"status\":\"ok\",\"title\":\"Blog Photo Gallery\",\"count\":\"8\"}'),(48,'blog_video_gal','{\"status\":\"ok\",\"title\":\"Blog Video Gallery\",\"style\":\"2\"}'),(49,'category_blog','{\"sidebar\":\"left\",\"widgets\":[\"blog_1\"],\"page_bottom\":\"latest_blog_photos\"}');
/*!40000 ALTER TABLE `ui_settings` ENABLE KEYS */;

#
# Structure for table "user"
#

DROP TABLE IF EXISTS `user`;
CREATE TABLE `user` (
  `user_id` int(11) NOT NULL AUTO_INCREMENT,
  `firstname` longtext DEFAULT NULL,
  `lastname` varchar(100) DEFAULT NULL,
  `email` longtext DEFAULT NULL,
  `phone` longtext DEFAULT NULL,
  `address1` longtext DEFAULT NULL,
  `address2` longtext DEFAULT NULL,
  `city` varchar(100) DEFAULT NULL,
  `state` varchar(100) NOT NULL,
  `country` varchar(100) NOT NULL,
  `zip` varchar(100) DEFAULT NULL,
  `password` longtext DEFAULT NULL,
  `creation_date` longtext DEFAULT NULL,
  `readlater` longtext NOT NULL,
  `facebook` longtext DEFAULT NULL,
  `google` longtext DEFAULT NULL,
  `skype` longtext DEFAULT NULL,
  `langlat` varchar(50) NOT NULL,
  `last_login` varchar(50) DEFAULT NULL,
  `fb_id` longtext CHARACTER SET utf8 COLLATE utf8_unicode_ci DEFAULT NULL,
  `g_id` longtext CHARACTER SET utf8 COLLATE utf8_unicode_ci DEFAULT NULL,
  `g_photo` longtext CHARACTER SET utf8 COLLATE utf8_unicode_ci DEFAULT NULL,
  `post_amount` int(11) NOT NULL,
  `video_amount` int(11) NOT NULL,
  `photo_amount` int(11) NOT NULL,
  `membership` int(11) NOT NULL,
  `social_account` longtext NOT NULL,
  `is_blogger` varchar(10) NOT NULL,
  PRIMARY KEY (`user_id`)
) ENGINE=MyISAM AUTO_INCREMENT=60 DEFAULT CHARSET=latin1;

#
# Data for table "user"
#

/*!40000 ALTER TABLE `user` DISABLE KEYS */;
INSERT INTO `user` VALUES (1,'Mr. ','Blogger','customer@newspaper.com','+123456789','Brooklyn','New York','New York City','New York','USA','44400','7110eda4d09e062aa5e4a390b0a572ac0d2c0220','1436652284','[\"23\",\"22\",\"21\",\"25\",\"18\",\"19\",\"69\",\"80\",\"74\"]','fb','google','skypeee','','1582441159',NULL,NULL,NULL,50,42,45,1,'[{\"index\":0,\"type\":\"facebook\",\"value\":\"facebook\"},{\"index\":1,\"type\":\"google\",\"value\":\"google\"},{\"index\":2,\"type\":\"twitter\",\"value\":\"twitter\"},{\"index\":3,\"type\":\"youtube\",\"value\":\"youtube\"}]','yes'),(49,'Dorian','Morrison','fyqilejip@hotmail.com','+881-91-9104030','65 West Milton Drive','Nihil alias facere est natus voluptas','Quia porro odio voluptas sed irure fuga Ut quis et ut voluptatem ipsum in aute','Quo occaecat suscipit voluptatem eu accusamus et explicabo Dolorum aliquid','Ipsum ipsum et saepe voluptas velit quam ipsam aliquid ipsa voluptates autem laborum In id quo est q','10558','7110eda4d09e062aa5e4a390b0a572ac0d2c0220','1513580771','[]',NULL,NULL,NULL,'',NULL,NULL,NULL,NULL,0,0,0,0,'[{\"index\":0,\"type\":\"facebook\",\"value\":\"facebook\"},{\"index\":1,\"type\":\"google\",\"value\":\"google\"},{\"index\":2,\"type\":\"twitter\",\"value\":\"twitter\"},{\"index\":3,\"type\":\"youtube\",\"value\":\"youtube\"}]','no'),(50,'Dorian','Morrison','fyqilejip1@hotmail.com','+881-91-9104030','65 West Milton Drive','Nihil alias facere est natus voluptas','Quia porro odio voluptas sed irure fuga Ut quis et ut voluptatem ipsum in aute','Quo occaecat suscipit voluptatem eu accusamus et explicabo Dolorum aliquid','Ipsum ipsum et saepe voluptas velit quam ipsam aliquid ipsa voluptates autem laborum In id quo est q','10558','7110eda4d09e062aa5e4a390b0a572ac0d2c0220','1513580802','[]',NULL,NULL,NULL,'','1522152468',NULL,NULL,NULL,0,0,0,0,'[{\"index\":0,\"type\":\"facebook\",\"value\":\"facebook\"},{\"index\":1,\"type\":\"google\",\"value\":\"google\"},{\"index\":2,\"type\":\"twitter\",\"value\":\"twitter\"},{\"index\":3,\"type\":\"youtube\",\"value\":\"youtube\"}]','no'),(51,'Dorian','Morrison','customer2@newspaper.com','+881-91-9104030','65 West Milton Drive','Nihil alias facere est natus voluptas','Quia porro odio voluptas sed irure fuga Ut quis et ut voluptatem ipsum in aute','Quo occaecat suscipit voluptatem eu accusamus et explicabo Dolorum aliquid','Ipsum ipsum et saepe voluptas velit quam ipsam aliquid ipsa voluptates autem laborum In id quo est q','10558','7110eda4d09e062aa5e4a390b0a572ac0d2c0220','1513580927','[]',NULL,NULL,NULL,'','1520405299',NULL,NULL,NULL,7,4,3,1,'[{\"index\":0,\"type\":\"facebook\",\"value\":\"facebook\"},{\"index\":1,\"type\":\"google\",\"value\":\"google\"},{\"index\":2,\"type\":\"twitter\",\"value\":\"twitter\"},{\"index\":3,\"type\":\"youtube\",\"value\":\"youtube\"}]','yes'),(52,'Demo','Name','demo@newspaper.com','0987456123','Dhaka','Dhaka','Dhaka','Dhaka','Bangladesh','1200','7110eda4d09e062aa5e4a390b0a572ac0d2c0220','1520243773','[]','www.facebook.com/saiddee','','','','1554638996',NULL,NULL,NULL,24,15,10,1,'','yes'),(54,'bloger','test','bloger@test.com','+546-50-8760219','USA','USA','NY','NY','USA','4321','7110eda4d09e062aa5e4a390b0a572ac0d2c0220','1522127821','[]','','','','','1522317278',NULL,NULL,NULL,16,6,10,1,'','yes'),(59,'Ahnaf ','Sayem','amisaemhasan@gmail.com','01865343994','nandail','mymensingh','mymensingh','pasdorilla','Bangladesh','2291','7110eda4d09e062aa5e4a390b0a572ac0d2c0220','1591177822','[]',NULL,NULL,NULL,'','1591177838',NULL,NULL,NULL,5,5,5,0,'','yes');
/*!40000 ALTER TABLE `user` ENABLE KEYS */;

#
# Structure for table "video"
#

DROP TABLE IF EXISTS `video`;
CREATE TABLE `video` (
  `video_id` int(11) NOT NULL AUTO_INCREMENT,
  `title` varchar(255) NOT NULL,
  `description` longtext NOT NULL,
  `type` varchar(10) NOT NULL,
  `from` varchar(50) NOT NULL,
  `video_link` varchar(255) DEFAULT NULL,
  `video_code` varchar(100) DEFAULT NULL,
  `video_src` varchar(255) NOT NULL,
  `preview_image_name` varchar(50) DEFAULT NULL,
  `status` varchar(110) NOT NULL,
  PRIMARY KEY (`video_id`)
) ENGINE=InnoDB AUTO_INCREMENT=40 DEFAULT CHARSET=latin1;

#
# Data for table "video"
#


#
# Structure for table "widget"
#

DROP TABLE IF EXISTS `widget`;
CREATE TABLE `widget` (
  `widget_id` int(11) NOT NULL AUTO_INCREMENT,
  `code` longtext DEFAULT NULL,
  `position` varchar(50) DEFAULT NULL,
  `type` varchar(50) DEFAULT NULL,
  `status` varchar(50) DEFAULT NULL,
  `title` varchar(100) DEFAULT NULL,
  `fixed` varchar(50) DEFAULT NULL,
  PRIMARY KEY (`widget_id`)
) ENGINE=InnoDB AUTO_INCREMENT=13 DEFAULT CHARSET=latin1;

#
# Data for table "widget"
#

INSERT INTO `widget` VALUES (1,NULL,NULL,NULL,'ok','Category','ok'),(2,NULL,NULL,NULL,'ok','Advanced Search','ok'),(3,NULL,NULL,NULL,'ok','Recently Viewed','ok'),(4,NULL,NULL,NULL,'ok','Most Popular','ok'),(9,'<div id=\"fb-root\"></div>\r\n<script>(function(d, s, id) {\r\n  var js, fjs = d.getElementsByTagName(s)[0];\r\n  if (d.getElementById(id)) return;\r\n  js = d.createElement(s); js.id = id;\r\n  js.src = \"//connect.facebook.net/en_US/sdk.js#xfbml=1&version=v2.5&appId=900561733371435\";\r\n  fjs.parentNode.insertBefore(js, fjs);\r\n}(document, \'script\', \'facebook-jssdk\'));</script>\r\n\r\n<div class=\"fb-page\" data-href=\"https://www.facebook.com/activeclassified/\" data-tabs=\"timeline\" data-height=\"400\" data-small-header=\"false\" data-adapt-container-width=\"true\" data-hide-cover=\"false\" data-show-facepile=\"true\"><div class=\"fb-xfbml-parse-ignore\"><blockquote cite=\"https://www.facebook.com/activeclassified/\"><a href=\"https://www.facebook.com/activeclassified/\">Active Classified Management System</a></blockquote></div></div>',NULL,NULL,'ok','Facebook Widget',NULL),(10,'<iframe width=\"240\" height=\"\" src=\"https://www.youtube.com/embed/WlYC8gDvutc\" frameborder=\"0\" allowfullscreen></iframe>',NULL,NULL,'ok','Vedio',NULL),(11,'<script>window.twttr = (function(d, s, id) {\r\n  var js, fjs = d.getElementsByTagName(s)[0],\r\n    t = window.twttr || {};\r\n  if (d.getElementById(id)) return t;\r\n  js = d.createElement(s);\r\n  js.id = id;\r\n  js.src = \"https://platform.twitter.com/widgets.js\";\r\n  fjs.parentNode.insertBefore(js, fjs);\r\n \r\n  t._e = [];\r\n  t.ready = function(f) {\r\n    t._e.push(f);\r\n  };\r\n \r\n  return t;\r\n}(document, \"script\", \"twitter-wjs\"));</script>\r\ntwttr.widgets.load(\r\n  document.getElementById(\"container\")\r\n);\r\ntwttr.widgets.createFollowButton(\r\n  \'endform\',\r\n  document.getElementById(\'new-button\'),\r\n  {\r\n    size: \'large\'\r\n  }).then(function (el) {\r\n    console.log(\"Follow button created.\")\r\n  });',NULL,NULL,'ok','Twitter Widget',NULL),(12,'<script async src=\"//pagead2.googlesyndication.com/pagead/js/adsbygoogle.js\"></script>\r\n<!-- Test Ad -->\r\n<ins class=\"adsbygoogle\"\r\n     style=\"display:block\"\r\n     data-ad-client=\"ca-pub-2063828949180208\"\r\n     data-ad-slot=\"1265977974\"\r\n     data-ad-format=\"auto\"></ins>\r\n<script>\r\n(adsbygoogle = window.adsbygoogle || []).push({});\r\n</script>',NULL,NULL,'ok','Google AD',NULL);
